-- MySQL dump 10.13  Distrib 8.0.30, for Win64 (x86_64)
--
-- Host: localhost    Database: vb_meetup
-- ------------------------------------------------------
-- Server version	8.0.30

/*!40101 SET @OLD_CHARACTER_SET_CLIENT=@@CHARACTER_SET_CLIENT */;
/*!40101 SET @OLD_CHARACTER_SET_RESULTS=@@CHARACTER_SET_RESULTS */;
/*!40101 SET @OLD_COLLATION_CONNECTION=@@COLLATION_CONNECTION */;
/*!50503 SET NAMES utf8mb4 */;
/*!40103 SET @OLD_TIME_ZONE=@@TIME_ZONE */;
/*!40103 SET TIME_ZONE='+00:00' */;
/*!40014 SET @OLD_UNIQUE_CHECKS=@@UNIQUE_CHECKS, UNIQUE_CHECKS=0 */;
/*!40014 SET @OLD_FOREIGN_KEY_CHECKS=@@FOREIGN_KEY_CHECKS, FOREIGN_KEY_CHECKS=0 */;
/*!40101 SET @OLD_SQL_MODE=@@SQL_MODE, SQL_MODE='NO_AUTO_VALUE_ON_ZERO' */;
/*!40111 SET @OLD_SQL_NOTES=@@SQL_NOTES, SQL_NOTES=0 */;

--
-- Table structure for table `comment`
--

DROP TABLE IF EXISTS `comment`;
/*!40101 SET @saved_cs_client     = @@character_set_client */;
/*!50503 SET character_set_client = utf8mb4 */;
CREATE TABLE `comment` (
  `user_id` int unsigned DEFAULT NULL,
  `commenter_id` int unsigned NOT NULL,
  `group_id` int unsigned NOT NULL,
  `score` tinyint unsigned DEFAULT NULL,
  `content` varchar(255) DEFAULT NULL,
  `date` datetime DEFAULT NULL,
  PRIMARY KEY (`commenter_id`,`group_id`),
  KEY `user_id` (`user_id`),
  KEY `group_id` (`group_id`),
  CONSTRAINT `comment_ibfk_1` FOREIGN KEY (`user_id`) REFERENCES `user` (`id`) ON DELETE CASCADE,
  CONSTRAINT `comment_ibfk_2` FOREIGN KEY (`commenter_id`) REFERENCES `user` (`id`) ON DELETE CASCADE,
  CONSTRAINT `comment_ibfk_3` FOREIGN KEY (`group_id`) REFERENCES `group` (`id`) ON DELETE CASCADE
) ENGINE=InnoDB DEFAULT CHARSET=utf8mb4 COLLATE=utf8mb4_0900_ai_ci;
/*!40101 SET character_set_client = @saved_cs_client */;

--
-- Dumping data for table `comment`
--

LOCK TABLES `comment` WRITE;
/*!40000 ALTER TABLE `comment` DISABLE KEYS */;
INSERT INTO `comment` VALUES (13,12,14,5,'第二次參加阿義的團了，真的好讚~~新人友善喔','2022-11-28 20:30:43'),(13,12,20,3,'阿逸，人帥又會打球!! (我是迷妹)','2022-11-28 20:29:56'),(12,13,7,3,'Lisa 雖然沒有到超強，但人很好~~','2022-11-28 20:35:13'),(15,13,18,4,'Mark 人超 nice，打球也超猛','2022-11-28 20:24:46'),(15,13,21,5,'Mark 大腿啊 !! 有一球差點被打到臉，還好他幫我擋掉了','2022-11-28 20:26:52'),(12,15,7,4,'Lisa 太謙虛啦，明明很猛~~','2022-11-28 20:41:35'),(13,15,20,2,'阿逸雖然很猛，但在場上有點嚴肅，但私底下人還是蠻好的','2022-11-28 20:40:41');
/*!40000 ALTER TABLE `comment` ENABLE KEYS */;
UNLOCK TABLES;

--
-- Table structure for table `fans`
--

DROP TABLE IF EXISTS `fans`;
/*!40101 SET @saved_cs_client     = @@character_set_client */;
/*!50503 SET character_set_client = utf8mb4 */;
CREATE TABLE `fans` (
  `user_id` int unsigned NOT NULL,
  `follow_id` int unsigned NOT NULL,
  PRIMARY KEY (`user_id`,`follow_id`),
  KEY `follow_id` (`follow_id`),
  CONSTRAINT `fans_ibfk_1` FOREIGN KEY (`user_id`) REFERENCES `user` (`id`) ON DELETE CASCADE,
  CONSTRAINT `fans_ibfk_2` FOREIGN KEY (`follow_id`) REFERENCES `user` (`id`) ON DELETE CASCADE
) ENGINE=InnoDB DEFAULT CHARSET=utf8mb4 COLLATE=utf8mb4_0900_ai_ci;
/*!40101 SET character_set_client = @saved_cs_client */;

--
-- Dumping data for table `fans`
--

LOCK TABLES `fans` WRITE;
/*!40000 ALTER TABLE `fans` DISABLE KEYS */;
INSERT INTO `fans` VALUES (13,12),(12,13);
/*!40000 ALTER TABLE `fans` ENABLE KEYS */;
UNLOCK TABLES;

--
-- Table structure for table `group`
--

DROP TABLE IF EXISTS `group`;
/*!40101 SET @saved_cs_client     = @@character_set_client */;
/*!50503 SET character_set_client = utf8mb4 */;
CREATE TABLE `group` (
  `id` int unsigned NOT NULL AUTO_INCREMENT,
  `creator_id` int unsigned DEFAULT NULL,
  `title` varchar(20) DEFAULT NULL,
  `date` datetime DEFAULT NULL,
  `time_duration` smallint unsigned DEFAULT NULL,
  `net` char(1) DEFAULT NULL,
  `place` varchar(10) DEFAULT NULL,
  `place_description` varchar(20) DEFAULT NULL,
  `court` char(1) DEFAULT NULL,
  `is_charge` tinyint(1) DEFAULT NULL,
  `money` smallint unsigned DEFAULT NULL,
  `level` char(1) DEFAULT NULL,
  `level_description` varchar(255) DEFAULT NULL,
  `people_have` tinyint unsigned DEFAULT NULL,
  `people_need` tinyint unsigned DEFAULT NULL,
  `people_left` tinyint unsigned DEFAULT NULL,
  `group_description` varchar(255) DEFAULT NULL,
  `is_build` tinyint(1) DEFAULT NULL,
  PRIMARY KEY (`id`),
  KEY `creator_id` (`creator_id`),
  CONSTRAINT `group_ibfk_1` FOREIGN KEY (`creator_id`) REFERENCES `user` (`id`) ON DELETE CASCADE
) ENGINE=InnoDB AUTO_INCREMENT=226 DEFAULT CHARSET=utf8mb4 COLLATE=utf8mb4_0900_ai_ci;
/*!40101 SET character_set_client = @saved_cs_client */;

--
-- Dumping data for table `group`
--

LOCK TABLES `group` WRITE;
/*!40000 ALTER TABLE `group` DISABLE KEYS */;
INSERT INTO `group` VALUES (1,12,'連假早起頭前團（他團同步徵人）','2022-12-09 20:00:00',240,'1','新北市新莊區','頭前國中','0',1,250,'2','社團強度：不跑戰術居多，系隊以上',7,16,6,'可以早點到暖身唷！',1),(2,13,'[徵女性臨打]','2022-11-26 20:00:00',150,'0','台北市萬華區','華江國小4F活動中心','0',1,100,'0','※ 程度中上者佳，須有穩定接發接扣防守站位觀念及攻擊能力。來回多，球友友善包容，非歡樂場！',4,2,7,'(如果臨打程度及球風可適應，歡迎加入固定臨打人員或之後季打甚至是主揪其他場地。)\n※ 同步徵人中。',1),(3,15,'揪臨打12人 內建12人','2022-12-10 09:00:00',180,'1','台北市松山區','敦化國中室外排球場','1',0,0,'1','社團強度：不跑戰術居多，系隊以上',7,9,9,'場地特色：全日自然空調、水泥地板、附飲水機、廁所，視野好場地佳。\n機車可免費停校門口人行道。\n\n男網混排，24-30人制，連2勝下play1，有基礎攻防概念佳，氣氛歡樂。\n下雨流團，會在此文同步。\n\n有興趣的球友可以私訊或底下留言報名喔~他團同步徵人中，先搶先贏，額滿為止。',1),(4,12,'～徵臨打 5人 男女不拘～','2022-11-27 22:00:00',90,'0','新北市板橋區','板橋國中室內體育館','0',1,75,'3','※ 程度中上者佳，須有穩定接發接扣防守站位觀念及攻擊能力。來回多，球友友善包容，非歡樂場！',7,9,4,'※在需求人數公告額滿後如不排候補者，還請幫忙在原留言串下取消。\n※1930前禁止進入校園\n※如出席有異動請幫忙提早告知\n※請跟警衛打招呼，表明來意，本場負責人:張大哥\n※如有生病發燒請勿入校，進校門須量額溫。\n※校區全面禁止吸菸，垃圾帶走\n※場地提供汽機車停車場、飲水機\n=為配合校園安全管制措施以下幾點務必留意並遵守=\n※活動開始後30分鐘，校門隨即關閉，校園即不得再任意進出\n※結束前10分鐘方可開放離校\n※活動結束後請於10分鐘之內離開校園\n~感謝各位的配合~如果有興趣的朋友，請於底下留言~',1),(5,13,'🏐誠徵臨打🏐','2022-12-11 10:00:00',180,'1','新北市汐止區','球魔方排球館','0',1,230,'4','會基本接發',7,2,2,'⚠️多團徵人確定補上會留言通知臨打',0),(6,15,'連假早起頭前團（他團同步徵人）','2022-12-12 11:00:00',240,'1','新北市新莊區','頭前國中','0',1,250,'0','社團強度：不跑戰術居多，系隊以上',7,16,8,'可以早點到暖身唷！',1),(7,12,'[徵女性臨打]','2022-11-29 22:00:00',150,'0','台北市萬華區','華江國小4F活動中心','0',1,100,'1','※ 程度中上者佳，須有穩定接發接扣防守站位觀念及攻擊能力。來回多，球友友善包容，非歡樂場！',4,2,9,'(如果臨打程度及球風可適應，歡迎加入固定臨打人員或之後季打甚至是主揪其他場地。)\n※ 同步徵人中。',0),(8,13,'揪臨打12人 內建12人','2022-12-12 13:00:00',180,'1','台北市松山區','敦化國中室外排球場','1',0,0,'3','社團強度：不跑戰術居多，系隊以上',7,9,3,'場地特色：全日自然空調、水泥地板、附飲水機、廁所，視野好場地佳。\n機車可免費停校門口人行道。\n\n男網混排，24-30人制，連2勝下play1，有基礎攻防概念佳，氣氛歡樂。\n下雨流團，會在此文同步。\n\n有興趣的球友可以私訊或底下留言報名喔~他團同步徵人中，先搶先贏，額滿為止。',1),(9,15,'～徵臨打 5人 男女不拘～','2022-12-13 14:00:00',90,'0','新北市板橋區','板橋國中室內體育館','0',1,75,'2','※ 程度中上者佳，須有穩定接發接扣防守站位觀念及攻擊能力。來回多，球友友善包容，非歡樂場！',7,9,8,'※在需求人數公告額滿後如不排候補者，還請幫忙在原留言串下取消。\n※1930前禁止進入校園\n※如出席有異動請幫忙提早告知\n※請跟警衛打招呼，表明來意，本場負責人:張大哥\n※如有生病發燒請勿入校，進校門須量額溫。\n※校區全面禁止吸菸，垃圾帶走\n※場地提供汽機車停車場、飲水機\n=為配合校園安全管制措施以下幾點務必留意並遵守=\n※活動開始後30分鐘，校門隨即關閉，校園即不得再任意進出\n※結束前10分鐘方可開放離校\n※活動結束後請於10分鐘之內離開校園\n~感謝各位的配合~如果有興趣的朋友，請於底下留言~',0),(10,12,'🏐誠徵臨打🏐','2022-12-14 15:00:00',180,'1','新北市汐止區','球魔方排球館','0',1,230,'1','會基本接發',7,2,1,'⚠️多團徵人確定補上會留言通知臨打',1),(11,13,'連假早起頭前團（他團同步徵人）','2022-12-15 16:00:00',240,'1','新北市新莊區','頭前國中','0',1,250,'0','社團強度：不跑戰術居多，系隊以上',7,4,4,'可以早點到暖身唷！',1),(12,13,'徵球友!!!','2022-12-16 17:30:00',180,'1','新北市土城區','612排球星球+','0',1,260,'2','需一定基礎，非新手場',7,10,10,'點擊這個連結前往社團報名\nhttps:&amp;#x2F;&amp;#x2F;www.facebook.com&amp;#x2F;groups&amp;#x2F;241020673769507&amp;#x2F;permalink&amp;#x2F;834748537730048&amp;#x2F;',1),(13,12,'[徵女性臨打]','2022-12-17 17:00:00',150,'0','台北市萬華區','華江國小4F活動中心','0',1,100,'2','※ 程度中上者佳，須有穩定接發接扣防守站位觀念及攻擊能力。來回多，球友友善包容，非歡樂場！',4,2,8,'(如果臨打程度及球風可適應，歡迎加入固定臨打人員或之後季打甚至是主揪其他場地。)\n※ 同步徵人中。',0),(14,13,'揪臨打12人 內建12人','2022-12-09 19:00:00',180,'1','台北市松山區','敦化國中室外排球場','1',0,0,'4','會基本接發',7,9,4,'場地特色：全日自然空調、水泥地板、附飲水機、廁所，視野好場地佳。\n機車可免費停校門口人行道。\n\n男網混排，24-30人制，連2勝下play1，有基礎攻防概念佳，氣氛歡樂。\n下雨流團，會在此文同步。\n\n有興趣的球友可以私訊或底下留言報名喔~他團同步徵人中，先搶先贏，額滿為止。',0),(15,15,'～徵臨打 5人 男女不拘～','2022-12-10 15:00:00',90,'0','新北市板橋區','板橋國中室內體育館','0',1,75,'0','會基本接發',7,9,9,'※在需求人數公告額滿後如不排候補者，還請幫忙在原留言串下取消。\n※1930前禁止進入校園\n※如出席有異動請幫忙提早告知\n※請跟警衛打招呼，表明來意，本場負責人:張大哥\n※如有生病發燒請勿入校，進校門須量額溫。\n※校區全面禁止吸菸，垃圾帶走\n※場地提供汽機車停車場、飲水機\n=為配合校園安全管制措施以下幾點務必留意並遵守=\n※活動開始後30分鐘，校門隨即關閉，校園即不得再任意進出\n※結束前10分鐘方可開放離校\n※活動結束後請於10分鐘之內離開校園\n~感謝各位的配合~如果有興趣的朋友，請於底下留言~',1),(16,12,'🏐誠徵臨打🏐','2022-12-09 14:00:00',180,'1','新北市汐止區','球魔方排球館','0',1,230,'1','會基本接發',7,2,2,'⚠️多團徵人確定補上會留言通知臨打',0),(17,13,'[徵女性臨打]','2022-12-11 13:00:00',150,'0','台北市萬華區','華江國小4F活動中心','0',1,100,'0','※ 程度中上者佳，須有穩定接發接扣防守站位觀念及攻擊能力。來回多，球友友善包容，非歡樂場！',4,2,9,'(如果臨打程度及球風可適應，歡迎加入固定臨打人員或之後季打甚至是主揪其他場地。)\n※ 同步徵人中。',1),(18,15,'揪臨打12人 內建12人','2022-12-09 12:00:00',180,'1','台北市松山區','敦化國中室外排球場','1',0,0,'3','會基本接發',7,9,8,'場地特色：全日自然空調、水泥地板、附飲水機、廁所，視野好場地佳。\n機車可免費停校門口人行道。\n\n男網混排，24-30人制，連2勝下play1，有基礎攻防概念佳，氣氛歡樂。\n下雨流團，會在此文同步。\n\n有興趣的球友可以私訊或底下留言報名喔~他團同步徵人中，先搶先贏，額滿為止。',0),(19,12,'～徵臨打 5人 男女不拘～','2022-12-09 11:00:00',90,'0','新北市板橋區','板橋國中室內體育館','0',1,75,'4','※ 程度中上者佳，須有穩定接發接扣防守站位觀念及攻擊能力。來回多，球友友善包容，非歡樂場！',7,9,7,'※在需求人數公告額滿後如不排候補者，還請幫忙在原留言串下取消。\n※1930前禁止進入校園\n※如出席有異動請幫忙提早告知\n※請跟警衛打招呼，表明來意，本場負責人:張大哥\n※如有生病發燒請勿入校，進校門須量額溫。\n※校區全面禁止吸菸，垃圾帶走\n※場地提供汽機車停車場、飲水機\n\n=為配合校園安全管制措施以下幾點務必留意並遵守=\n※活動開始後30分鐘，校門隨即關閉，校園即不得再任意進出\n※結束前10分鐘方可開放離校\n※活動結束後請於10分鐘之內離開校園\n~感謝各位的配合~如果有興趣的朋友，請於底下留言~',1),(20,13,'🏐誠徵臨打🏐','2022-12-09 10:00:00',180,'1','新北市汐止區','球魔方排球館','0',1,230,'2','會基本接發',1,2,2,'⚠️多團徵人確定補上會留言通知臨打',0),(21,15,'[🏐徵女網混排臨打🏐]','2022-11-27 23:00:00',180,'1','台北市萬華區','華江高中體育館2樓','0',1,200,'1','社團強度：不跑戰術居多，系隊以上',2,10,2,'賽制：女網混排打二休一、上限18人\n器材：MVA200或MVA300、記分板、飲水機\n註：此為混排，男性名額優先給同時報名女性者補滿女性，且由於在多版徵人，請以原po回覆為準，經回覆者亦請勿任意退出，還請協助配合，感恩感恩！🙏',1),(22,13,'[徵女性臨打]','2022-12-09 09:00:00',150,'0','台北市萬華區','華江國小4F活動中心','0',1,100,'2','※ 程度中上者佳，須有穩定接發接扣防守站位觀念及攻擊能力。來回多，球友友善包容，非歡樂場！',3,2,2,'(如果臨打程度及球風可適應，歡迎加入固定臨打人員或之後季打甚至是主揪其他場地。)\n※ 同步徵人中。',1),(23,15,'連假早起頭前團（他團同步徵人）','2022-12-09 21:00:00',240,'1','新北市新莊區','頭前國中','0',1,250,'0','社團強度：不跑戰術居多，系隊以上',7,16,8,'可以早點到暖身唷！',1),(24,15,'[🏐徵女網混排臨打🏐]','2022-11-27 22:00:00',180,'1','台北市萬華區','華江高中體育館2樓','0',1,200,'1','社團強度：不跑戰術居多，系隊以上',6,10,2,'賽制：女網混排打二休一、上限18人\n器材：MVA200或MVA300、記分板、飲水機\n註：此為混排，男性名額優先給同時報名女性者補滿女性，且由於在多版徵人，請以原po回覆為準，經回覆者亦請勿任意退出，還請協助配合，感恩感恩！🙏',1),(25,12,'連假早起頭前團（他團同步徵人）','2022-12-09 23:00:00',240,'1','新北市新莊區','頭前國中','0',1,250,'2','社團強度：不跑戰術居多，系隊以上',3,16,6,'可以早點到暖身唷！',1),(26,13,'[徵女性臨打]','2022-12-09 09:00:00',150,'0','台北市萬華區','華江國小4F活動中心','0',1,100,'2','※ 程度中上者佳，須有穩定接發接扣防守站位觀念及攻擊能力。來回多，球友友善包容，非歡樂場！',4,2,2,'(如果臨打程度及球風可適應，歡迎加入固定臨打人員或之後季打甚至是主揪其他場地。)\n※ 同步徵人中。',0),(27,15,'～徵臨打 5人 男女不拘～','2022-12-09 20:00:00',90,'0','新北市板橋區','板橋國中室內體育館','0',1,75,'0','會基本接發',1,9,9,'※在需求人數公告額滿後如不排候補者，還請幫忙在原留言串下取消。\n※1930前禁止進入校園\n※如出席有異動請幫忙提早告知\n※請跟警衛打招呼，表明來意，本場負責人:張大哥\n※如有生病發燒請勿入校，進校門須量額溫。\n※校區全面禁止吸菸，垃圾帶走\n※場地提供汽機車停車場、飲水機\n=為配合校園安全管制措施以下幾點務必留意並遵守=\n※活動開始後30分鐘，校門隨即關閉，校園即不得再任意進出\n※結束前10分鐘方可開放離校\n※活動結束後請於10分鐘之內離開校園\n~感謝各位的配合~如果有興趣的朋友，請於底下留言~',1),(28,15,'～徵臨打 5人 男女不拘～','2022-12-09 20:00:00',90,'0','新北市板橋區','板橋國中室內體育館','0',1,75,'0','會基本接發',7,9,9,'※在需求人數公告額滿後如不排候補者，還請幫忙在原留言串下取消。\n※1930前禁止進入校園\n※如出席有異動請幫忙提早告知\n※請跟警衛打招呼，表明來意，本場負責人:張大哥\n※如有生病發燒請勿入校，進校門須量額溫。\n※校區全面禁止吸菸，垃圾帶走\n※場地提供汽機車停車場、飲水機\n=為配合校園安全管制措施以下幾點務必留意並遵守=\n※活動開始後30分鐘，校門隨即關閉，校園即不得再任意進出\n※結束前10分鐘方可開放離校\n※活動結束後請於10分鐘之內離開校園\n~感謝各位的配合~如果有興趣的朋友，請於底下留言~',0),(29,13,'[徵女性臨打]','2023-01-01 09:00:00',150,'0','台北市萬華區','華江國小4F活動中心','0',1,100,'2','※ 程度中上者佳，須有穩定接發接扣防守站位觀念及攻擊能力。來回多，球友友善包容，非歡樂場！',9,2,2,'(如果臨打程度及球風可適應，歡迎加入固定臨打人員或之後季打甚至是主揪其他場地。)\n※ 同步徵人中。',1),(30,13,'#純女網  #誠徵臨打 #美女們快來😍','2022-12-07 18:30:00',180,'0','桃園市龜山區','貓球俱樂部','0',1,220,'2','有基本攻擊、基本接球、態度友善者佳',7,4,4,'*學生 醫療體系 林口龜山居民200元\n*他團同步徵人\n*備有汽車停車位及機車停車棚\n(如果搭捷運公車來的館主可以去接唷 還有送搭車❤)\n(還有親人貓咪吸到飽❤️)\n(大家都有來有往很好玩🏐）',0),(31,15,'～徵臨打 5人 男女不拘～','2022-12-09 20:00:00',90,'0','新北市板橋區','板橋國中室內體育館','0',1,75,'0','會基本接發',8,9,9,'※在需求人數公告額滿後如不排候補者，還請幫忙在原留言串下取消。\n※1930前禁止進入校園\n※如出席有異動請幫忙提早告知\n※請跟警衛打招呼，表明來意，本場負責人:張大哥\n※如有生病發燒請勿入校，進校門須量額溫。\n※校區全面禁止吸菸，垃圾帶走\n※場地提供汽機車停車場、飲水機\n=為配合校園安全管制措施以下幾點務必留意並遵守=\n※活動開始後30分鐘，校門隨即關閉，校園即不得再任意進出\n※結束前10分鐘方可開放離校\n※活動結束後請於10分鐘之內離開校園\n~感謝各位的配合~如果有興趣的朋友，請於底下留言~',1),(32,15,'～徵臨打 5人 男女不拘～','2022-12-09 20:00:00',90,'0','新北市板橋區','板橋國中室內體育館','0',1,75,'0','會基本接發',7,9,9,'※在需求人數公告額滿後如不排候補者，還請幫忙在原留言串下取消。\n※1930前禁止進入校園\n※如出席有異動請幫忙提早告知\n※請跟警衛打招呼，表明來意，本場負責人:張大哥\n※如有生病發燒請勿入校，進校門須量額溫。\n※校區全面禁止吸菸，垃圾帶走\n※場地提供汽機車停車場、飲水機\n=為配合校園安全管制措施以下幾點務必留意並遵守=\n※活動開始後30分鐘，校門隨即關閉，校園即不得再任意進出\n※結束前10分鐘方可開放離校\n※活動結束後請於10分鐘之內離開校園\n~感謝各位的配合~如果有興趣的朋友，請於底下留言~',0),(33,13,'[徵人]','2023-01-01 09:00:00',180,'1','台北市南港區','南港中研院體育館三樓','0',1,200,'2','希望報名者有基本程度 懂攻防 會站位',3,9,9,'賽制：女網混排打二休一',1),(34,13,'《誠徵臨打》','2023-01-01 09:00:00',180,'0','新北市蘆洲區','輕鬆玩心流運動空間','0',1,210,'2','有基本接發、扣球，有來回',4,2,2,'隊伍：18人制，打二休一\n意者請留言或私訊我喔🥳\n請救救我🧎‍♀️',1),(35,13,'[徵人]','2022-12-07 18:30:00',180,'1','台北市南港區','南港中研院體育館三樓','0',1,200,'2','希望報名者有基本程度 懂攻防 會站位',6,9,9,'賽制：女網混排打二休一',1),(36,13,'#純女網  #誠徵臨打 #美女們快來😍','2022-12-09 20:00:00',180,'0','桃園市龜山區','貓球俱樂部','0',1,220,'2','有基本攻擊、基本接球、態度友善者佳',5,4,4,'*學生 醫療體系 林口龜山居民200元\n*他團同步徵人\n*備有汽車停車位及機車停車棚\n(如果搭捷運公車來的館主可以去接唷 還有送搭車❤)\n(還有親人貓咪吸到飽❤️)\n(大家都有來有往很好玩🏐）',1),(37,13,'徵球友!!!','2022-12-07 18:30:00',180,'1','新北市土城區','612排球星球+','0',1,260,'2','需一定基礎，非新手場',7,10,10,'點擊這個連結前往社團報名\nhttps:&amp;#x2F;&amp;#x2F;www.facebook.com&amp;#x2F;groups&amp;#x2F;241020673769507&amp;#x2F;permalink&amp;#x2F;834748537730048&amp;#x2F;',1),(38,13,'[徵人]','2022-12-09 20:00:00',180,'1','台北市南港區','南港中研院體育館三樓','0',1,200,'2','希望報名者有基本程度 懂攻防 會站位',7,9,9,'賽制：女網混排打二休一',1),(39,13,'預報 好天氣 打球唷 ','2022-12-07 18:30:00',180,'0','台北市中正區','中正國中 ','1',0,0,'1','休閒歡樂團',10,9,9,'揪滿三隊就好\n有要來碰碰球的 底下留言唷 感謝 ',1),(40,13,'我要揪團','2023-01-01 09:00:00',180,'1','台北市內湖區','大安運動中心','0',1,100,'2','會基本接發',7,9,9,'我要揪團',1),(41,13,'徵球友!!!','2022-12-07 18:30:00',180,'1','新北市土城區','612排球星球+','0',1,260,'2','需一定基礎，非新手場',8,10,10,'點擊這個連結前往社團報名\nhttps:&amp;#x2F;&amp;#x2F;www.facebook.com&amp;#x2F;groups&amp;#x2F;241020673769507&amp;#x2F;permalink&amp;#x2F;834748537730048&amp;#x2F;',1),(42,13,'#純女網  #誠徵臨打 #美女們快來😍','2022-12-09 20:00:00',180,'0','桃園市龜山區','貓球俱樂部','0',1,220,'2','有基本攻擊、基本接球、態度友善者佳',4,4,4,'*學生 醫療體系 林口龜山居民200元\n*他團同步徵人\n*備有汽車停車位及機車停車棚\n(如果搭捷運公車來的館主可以去接唷 還有送搭車❤)\n(還有親人貓咪吸到飽❤️)\n(大家都有來有往很好玩🏐）',1),(43,13,'我要揪團','2023-01-01 09:00:00',180,'1','台北市內湖區','大安運動中心','0',1,100,'2','會基本接發',2,9,9,'我要揪團',1),(44,13,'[徵人]','2022-12-07 18:30:00',180,'1','台北市南港區','南港中研院體育館三樓','0',1,200,'2','希望報名者有基本程度 懂攻防 會站位',7,9,9,'賽制：女網混排打二休一',1),(45,13,'[🏐徵女網混排臨打🏐]','2022-12-09 20:00:00',180,'0','台北市萬華區','華江高中體育館2樓室內排球場','0',1,200,'2','會基本接發',7,9,9,'註：此為混排，男性名額優先給同時報名女性者補滿女性，且由於在多版徵人，請以原po回覆為準，經回覆者亦請勿任意退出，還請協助配合，感恩感恩！🙏\n\n報名2位以上請標註「人數+性別+姓名或綽號」\n器材：MVA200或MVA300、記分板、飲水機\n',1),(46,13,'我要揪團','2022-12-07 18:30:00',180,'1','台北市內湖區','大安運動中心','0',1,100,'2','會基本接發',9,9,9,'我要揪團',1),(47,13,'#純女網  #誠徵臨打 #美女們快來😍','2023-01-01 09:00:00',180,'0','桃園市龜山區','貓球俱樂部','0',1,220,'2','有基本攻擊、基本接球、態度友善者佳',6,4,4,'*學生 醫療體系 林口龜山居民200元\n*他團同步徵人\n*備有汽車停車位及機車停車棚\n(如果搭捷運公車來的館主可以去接唷 還有送搭車❤)\n(還有親人貓咪吸到飽❤️)\n(大家都有來有往很好玩🏐）',1),(48,13,'徵球友!!!','2022-12-07 18:30:00',180,'1','新北市土城區','612排球星球+','0',1,260,'2','需一定基礎，非新手場',7,10,10,'點擊這個連結前往社團報名\nhttps:&amp;#x2F;&amp;#x2F;www.facebook.com&amp;#x2F;groups&amp;#x2F;241020673769507&amp;#x2F;permalink&amp;#x2F;834748537730048&amp;#x2F;',1),(49,13,'[徵人]','2022-12-09 15:00:00',180,'1','台北市南港區','南港中研院體育館三樓','0',1,200,'2','希望報名者有基本程度 懂攻防 會站位',7,9,9,'賽制：女網混排打二休一',1),(50,13,'《誠徵臨打》','2023-01-11 06:00:00',180,'0','新北市蘆洲區','輕鬆玩心流運動空間','0',1,210,'2','有基本接發、扣球，有來回',7,2,2,'隊伍：18人制，打二休一\n意者請留言或私訊我喔🥳\n請救救我🧎‍♀️',1),(51,13,'我要揪團','2022-12-07 12:30:00',180,'1','台北市內湖區','大安運動中心','0',1,100,'2','會基本接發',7,9,9,'我要揪團',1),(52,13,'徵球友!!!','2023-01-01 14:00:00',180,'1','新北市土城區','612排球星球+','0',1,260,'2','需一定基礎，非新手場',3,10,10,'點擊這個連結前往社團報名\nhttps:&amp;#x2F;&amp;#x2F;www.facebook.com&amp;#x2F;groups&amp;#x2F;241020673769507&amp;#x2F;permalink&amp;#x2F;834748537730048&amp;#x2F;',1),(53,13,'《誠徵臨打》','2022-12-07 11:30:00',180,'0','新北市蘆洲區','輕鬆玩心流運動空間','0',1,210,'2','有基本接發、扣球，有來回',7,2,2,'隊伍：18人制，打二休一\n意者請留言或私訊我喔🥳\n請救救我🧎‍♀️',1),(54,13,'徵 臨打6名，男女不拘','2022-12-07 09:30:00',240,'1','台北市內湖區','南湖運動中心','0',1,380,'2','需有穩定的基本動作與處理球的能力，友善但非歡樂場',5,6,6,'本場為男網混排，需有穩定的基本動作與處理球的能力，友善但非歡樂場。\n若默契配合得宜，歡迎加入季打。\n他團同步徵人，意者請留言，歡迎來打球～',1),(55,13,'《女網混排徵臨打》','2023-01-01 09:00:00',180,'0','台北市萬華區','華江高中運動中心2樓','0',1,260,'2','中等。 穩定來回，具備基本攻擊、舉球及防守能力',7,4,4,'報名請標註性別，超過2人麻煩幫我附上大名或小名嘿！感恩❤️\n群組同步徵人，有回覆補上才成功補上喔\n👉如果球品、人品、程度互相match的話，打完後歡迎私訊長期加入，季打需要新血😊',1),(56,13,'一起打球囉!!!','2023-01-03 19:00:00',180,'1','台北市大同區','蓬萊國小','0',1,310,'2','基本接發，穩接就好',2,5,5,'隊伍：先到先打，打二休一，打完三場分組開打(第四場開始，不再對練三顆，上場就發球，換隊伍時盡快上場，就可以多打幾局)\n遵守：室內場請攜帶室內鞋，請提早5-10分鐘來幫忙架網，打完也請幫忙收拾場地，謝謝\n備註：補上會回覆(補上)或是私訊，請注意訊息 謝謝，另外如候補順序太後面，覺得補不上，請提早來文上留言-1-2\n繳費規則：補上者，請勿臨時退出(有問題請提前私訊版主，感謝)\n另外徵季打成員，詳細資訊再找團主\n有任何問題都可跟場主溝通\n有新資訊會立刻更新 謝謝\n多團徵人',1),(57,13,'[🏐徵女網混排臨打🏐]','2022-12-07 08:30:00',180,'0','台北市萬華區','華江高中體育館2樓室內排球場','0',1,200,'2','會基本接發',1,9,9,'註：此為混排，男性名額優先給同時報名女性者補滿女性，且由於在多版徵人，請以原po回覆為準，經回覆者亦請勿任意退出，還請協助配合，感恩感恩！🙏\n\n報名2位以上請標註「人數+性別+姓名或綽號」\n器材：MVA200或MVA300、記分板、飲水機\n',1),(58,13,'徵求臨打','2023-01-01 09:00:00',180,'0','新北市板橋區','65volley','0',1,300,'3','有基礎攻擊及防守觀念，非新手場',7,6,6,'報名麻煩標註性別&#x2F;人數，感謝',1),(59,13,'#純女網  #誠徵臨打 #美女們快來😍','2022-12-07 09:30:00',180,'0','桃園市龜山區','貓球俱樂部','0',1,220,'2','有基本攻擊、基本接球、態度友善者佳',8,4,4,'*學生 醫療體系 林口龜山居民200元\n*他團同步徵人\n*備有汽車停車位及機車停車棚\n(如果搭捷運公車來的館主可以去接唷 還有送搭車❤)\n(還有親人貓咪吸到飽❤️)\n(大家都有來有往很好玩🏐）',1),(60,13,'[徵人]','2022-12-09 14:00:00',180,'1','台北市南港區','南港中研院體育館三樓','0',1,200,'2','希望報名者有基本程度 懂攻防 會站位',7,9,9,'賽制：女網混排打二休一',1),(61,13,'徵臨打','2022-12-09 12:00:00',180,'1','台北市內湖區','南湖高中運動中心(東湖)','0',1,200,'2','會基本接發',10,5,5,'賽制：打兩局，休一局\n環境：木質地板、飲水機、廁所、空調\n全木質地板，場地寬敞舒適\n發球區超過6米+\n可以充分發揮你的發球技巧\n天花板高度也非常高👍\n球場旁邊也還有熱身的空間喔\n重點是…\n門口直接是捷運站🚈\n開車的朋友也很方便！\n交流道一下來就到啦\n運動中心也備有地下停車場\n交通、停車都非常方便喔\n強力推薦👍👍👍👍👍👍\n可以舒舒服服打球的好場地',1),(62,13,'預報 好天氣 打球唷 ','2023-01-01 09:00:00',180,'0','台北市中正區','中正國中 ','1',0,0,'1','休閒歡樂團',10,9,9,'揪滿三隊就好\n有要來碰碰球的 底下留言唷 感謝 ',1),(63,13,'徵 臨打6名，男女不拘','2022-12-09 21:00:00',240,'1','台北市內湖區','南湖運動中心','0',1,380,'2','需有穩定的基本動作與處理球的能力，友善但非歡樂場',7,6,6,'本場為男網混排，需有穩定的基本動作與處理球的能力，友善但非歡樂場。\n若默契配合得宜，歡迎加入季打。\n他團同步徵人，意者請留言，歡迎來打球～',1),(64,13,'我要揪團','2022-12-10 19:00:00',180,'1','台北市內湖區','大安運動中心','0',1,100,'2','會基本接發',4,9,9,'我要揪團',1),(65,13,'[徵人]','2022-12-09 20:00:00',180,'1','台北市南港區','南港中研院體育館三樓','0',1,200,'2','希望報名者有基本程度 懂攻防 會站位',2,9,9,'賽制：女網混排打二休一',1),(66,13,'《誠徵臨打》','2022-12-13 07:00:00',180,'0','新北市蘆洲區','輕鬆玩心流運動空間','0',1,210,'2','有基本接發、扣球，有來回',7,2,2,'隊伍：18人制，打二休一\n意者請留言或私訊我喔🥳\n請救救我🧎‍♀️',1),(67,13,'徵球友!!!','2022-12-09 20:00:00',180,'1','新北市土城區','612排球星球+','0',1,260,'2','需一定基礎，非新手場',9,10,10,'點擊這個連結前往社團報名\nhttps:&amp;#x2F;&amp;#x2F;www.facebook.com&amp;#x2F;groups&amp;#x2F;241020673769507&amp;#x2F;permalink&amp;#x2F;834748537730048&amp;#x2F;',1),(68,13,'預報 好天氣 打球唷 ','2022-12-12 09:00:00',180,'0','台北市中正區','中正國中 ','1',0,0,'1','休閒歡樂團',10,9,9,'揪滿三隊就好\n有要來碰碰球的 底下留言唷 感謝 ',1),(69,13,'徵 臨打6名，男女不拘','2022-12-10 08:00:00',240,'1','台北市內湖區','南湖運動中心','0',1,380,'2','需有穩定的基本動作與處理球的能力，友善但非歡樂場',2,6,6,'本場為男網混排，需有穩定的基本動作與處理球的能力，友善但非歡樂場。\n若默契配合得宜，歡迎加入季打。\n他團同步徵人，意者請留言，歡迎來打球～',1),(70,13,'徵球友!!!','2022-12-09 21:00:00',180,'1','新北市土城區','612排球星球+','0',1,260,'2','需一定基礎，非新手場',7,10,10,'點擊這個連結前往社團報名\nhttps:&amp;#x2F;&amp;#x2F;www.facebook.com&amp;#x2F;groups&amp;#x2F;241020673769507&amp;#x2F;permalink&amp;#x2F;834748537730048&amp;#x2F;',1),(71,13,'徵臨打','2022-12-09 12:00:00',180,'1','台北市內湖區','南湖高中運動中心(東湖)','0',1,200,'2','會基本接發',10,5,5,'賽制：打兩局，休一局\n環境：木質地板、飲水機、廁所、空調\n全木質地板，場地寬敞舒適\n發球區超過6米+\n可以充分發揮你的發球技巧\n天花板高度也非常高👍\n球場旁邊也還有熱身的空間喔\n重點是…\n門口直接是捷運站🚈\n開車的朋友也很方便！\n交流道一下來就到啦\n運動中心也備有地下停車場\n交通、停車都非常方便喔\n強力推薦👍👍👍👍👍👍\n可以舒舒服服打球的好場地',1),(72,13,'預報 好天氣 打球唷 ','2023-01-01 09:00:00',180,'0','台北市中正區','中正國中 ','1',0,0,'1','休閒歡樂團',10,9,9,'揪滿三隊就好\n有要來碰碰球的 底下留言唷 感謝 ',1),(73,13,'徵 臨打6名，男女不拘','2022-12-09 21:00:00',240,'1','台北市內湖區','南湖運動中心','0',1,380,'2','需有穩定的基本動作與處理球的能力，友善但非歡樂場',7,6,6,'本場為男網混排，需有穩定的基本動作與處理球的能力，友善但非歡樂場。\n若默契配合得宜，歡迎加入季打。\n他團同步徵人，意者請留言，歡迎來打球～',1),(74,13,'我要揪團','2022-12-10 19:00:00',180,'1','台北市內湖區','大安運動中心','0',1,100,'2','會基本接發',4,9,9,'我要揪團',1),(75,13,'[徵人]','2022-12-09 20:00:00',180,'1','台北市南港區','南港中研院體育館三樓','0',1,200,'2','希望報名者有基本程度 懂攻防 會站位',2,9,9,'賽制：女網混排打二休一',1),(76,13,'《誠徵臨打》','2022-12-13 07:00:00',180,'0','新北市蘆洲區','輕鬆玩心流運動空間','0',1,210,'2','有基本接發、扣球，有來回',7,2,2,'隊伍：18人制，打二休一\n意者請留言或私訊我喔🥳\n請救救我🧎‍♀️',1),(77,13,'徵球友!!!','2022-12-09 20:00:00',180,'1','新北市土城區','612排球星球+','0',1,260,'2','需一定基礎，非新手場',9,10,10,'點擊這個連結前往社團報名\nhttps:&amp;#x2F;&amp;#x2F;www.facebook.com&amp;#x2F;groups&amp;#x2F;241020673769507&amp;#x2F;permalink&amp;#x2F;834748537730048&amp;#x2F;',1),(78,13,'預報 好天氣 打球唷 ','2022-12-12 09:00:00',180,'0','台北市中正區','中正國中 ','1',0,0,'1','休閒歡樂團',10,9,9,'揪滿三隊就好\n有要來碰碰球的 底下留言唷 感謝 ',1),(79,13,'徵 臨打6名，男女不拘','2022-12-10 08:00:00',240,'1','台北市內湖區','南湖運動中心','0',1,380,'2','需有穩定的基本動作與處理球的能力，友善但非歡樂場',2,6,6,'本場為男網混排，需有穩定的基本動作與處理球的能力，友善但非歡樂場。\n若默契配合得宜，歡迎加入季打。\n他團同步徵人，意者請留言，歡迎來打球～',1),(80,13,'徵球友!!!','2022-12-09 21:00:00',180,'1','新北市土城區','612排球星球+','0',1,260,'2','需一定基礎，非新手場',7,10,10,'點擊這個連結前往社團報名\nhttps:&amp;#x2F;&amp;#x2F;www.facebook.com&amp;#x2F;groups&amp;#x2F;241020673769507&amp;#x2F;permalink&amp;#x2F;834748537730048&amp;#x2F;',1),(81,15,'[🏐徵女網混排臨打🏐]','2022-11-27 23:00:00',180,'1','台北市萬華區','華江高中體育館2樓','0',1,200,'1','社團強度：不跑戰術居多，系隊以上',2,10,2,'賽制：女網混排打二休一、上限18人\n器材：MVA200或MVA300、記分板、飲水機\n註：此為混排，男性名額優先給同時報名女性者補滿女性，且由於在多版徵人，請以原po回覆為準，經回覆者亦請勿任意退出，還請協助配合，感恩感恩！🙏',1),(82,13,'[徵女性臨打]','2022-12-09 09:00:00',150,'0','台北市萬華區','華江國小4F活動中心','0',1,100,'2','※ 程度中上者佳，須有穩定接發接扣防守站位觀念及攻擊能力。來回多，球友友善包容，非歡樂場！',3,2,2,'(如果臨打程度及球風可適應，歡迎加入固定臨打人員或之後季打甚至是主揪其他場地。)\n※ 同步徵人中。',1),(83,15,'連假早起頭前團（他團同步徵人）','2022-12-09 21:00:00',240,'1','新北市新莊區','頭前國中','0',1,250,'0','社團強度：不跑戰術居多，系隊以上',7,16,8,'可以早點到暖身唷！',1),(84,15,'[🏐徵女網混排臨打🏐]','2022-11-27 22:00:00',180,'1','台北市萬華區','華江高中體育館2樓','0',1,200,'1','社團強度：不跑戰術居多，系隊以上',6,10,2,'賽制：女網混排打二休一、上限18人\n器材：MVA200或MVA300、記分板、飲水機\n註：此為混排，男性名額優先給同時報名女性者補滿女性，且由於在多版徵人，請以原po回覆為準，經回覆者亦請勿任意退出，還請協助配合，感恩感恩！🙏',1),(85,12,'連假早起頭前團（他團同步徵人）','2022-12-09 23:00:00',240,'1','新北市新莊區','頭前國中','0',1,250,'2','社團強度：不跑戰術居多，系隊以上',3,16,6,'可以早點到暖身唷！',1),(86,13,'[徵女性臨打]','2022-12-09 09:00:00',150,'0','台北市萬華區','華江國小4F活動中心','0',1,100,'2','※ 程度中上者佳，須有穩定接發接扣防守站位觀念及攻擊能力。來回多，球友友善包容，非歡樂場！',4,2,2,'(如果臨打程度及球風可適應，歡迎加入固定臨打人員或之後季打甚至是主揪其他場地。)\n※ 同步徵人中。',0),(87,15,'～徵臨打 5人 男女不拘～','2022-12-09 20:00:00',90,'0','新北市板橋區','板橋國中室內體育館','0',1,75,'0','會基本接發',1,9,9,'※在需求人數公告額滿後如不排候補者，還請幫忙在原留言串下取消。\n※1930前禁止進入校園\n※如出席有異動請幫忙提早告知\n※請跟警衛打招呼，表明來意，本場負責人:張大哥\n※如有生病發燒請勿入校，進校門須量額溫。\n※校區全面禁止吸菸，垃圾帶走\n※場地提供汽機車停車場、飲水機\n=為配合校園安全管制措施以下幾點務必留意並遵守=\n※活動開始後30分鐘，校門隨即關閉，校園即不得再任意進出\n※結束前10分鐘方可開放離校\n※活動結束後請於10分鐘之內離開校園\n~感謝各位的配合~如果有興趣的朋友，請於底下留言~',1),(88,15,'～徵臨打 5人 男女不拘～','2022-12-09 20:00:00',90,'0','新北市板橋區','板橋國中室內體育館','0',1,75,'0','會基本接發',7,9,9,'※在需求人數公告額滿後如不排候補者，還請幫忙在原留言串下取消。\n※1930前禁止進入校園\n※如出席有異動請幫忙提早告知\n※請跟警衛打招呼，表明來意，本場負責人:張大哥\n※如有生病發燒請勿入校，進校門須量額溫。\n※校區全面禁止吸菸，垃圾帶走\n※場地提供汽機車停車場、飲水機\n=為配合校園安全管制措施以下幾點務必留意並遵守=\n※活動開始後30分鐘，校門隨即關閉，校園即不得再任意進出\n※結束前10分鐘方可開放離校\n※活動結束後請於10分鐘之內離開校園\n~感謝各位的配合~如果有興趣的朋友，請於底下留言~',0),(89,13,'[徵女性臨打]','2023-01-01 09:00:00',150,'0','台北市萬華區','華江國小4F活動中心','0',1,100,'2','※ 程度中上者佳，須有穩定接發接扣防守站位觀念及攻擊能力。來回多，球友友善包容，非歡樂場！',9,2,2,'(如果臨打程度及球風可適應，歡迎加入固定臨打人員或之後季打甚至是主揪其他場地。)\n※ 同步徵人中。',1),(90,13,'#純女網  #誠徵臨打 #美女們快來😍','2022-12-07 18:30:00',180,'0','桃園市龜山區','貓球俱樂部','0',1,220,'2','有基本攻擊、基本接球、態度友善者佳',7,4,4,'*學生 醫療體系 林口龜山居民200元\n*他團同步徵人\n*備有汽車停車位及機車停車棚\n(如果搭捷運公車來的館主可以去接唷 還有送搭車❤)\n(還有親人貓咪吸到飽❤️)\n(大家都有來有往很好玩🏐）',0),(91,15,'連假早起頭前團（他團同步徵人）','2022-12-12 11:00:00',240,'1','新北市新莊區','頭前國中','0',1,250,'0','社團強度：不跑戰術居多，系隊以上',7,16,8,'可以早點到暖身唷！',1),(92,12,'[徵女性臨打]','2022-11-29 22:00:00',150,'0','台北市萬華區','華江國小4F活動中心','0',1,100,'1','※ 程度中上者佳，須有穩定接發接扣防守站位觀念及攻擊能力。來回多，球友友善包容，非歡樂場！',4,2,9,'(如果臨打程度及球風可適應，歡迎加入固定臨打人員或之後季打甚至是主揪其他場地。)\n※ 同步徵人中。',0),(93,13,'揪臨打12人 內建12人','2022-12-12 13:00:00',180,'1','台北市松山區','敦化國中室外排球場','1',0,0,'3','社團強度：不跑戰術居多，系隊以上',7,9,3,'場地特色：全日自然空調、水泥地板、附飲水機、廁所，視野好場地佳。\n機車可免費停校門口人行道。\n\n男網混排，24-30人制，連2勝下play1，有基礎攻防概念佳，氣氛歡樂。\n下雨流團，會在此文同步。\n\n有興趣的球友可以私訊或底下留言報名喔~他團同步徵人中，先搶先贏，額滿為止。',1),(94,15,'～徵臨打 5人 男女不拘～','2022-12-13 14:00:00',90,'0','新北市板橋區','板橋國中室內體育館','0',1,75,'2','※ 程度中上者佳，須有穩定接發接扣防守站位觀念及攻擊能力。來回多，球友友善包容，非歡樂場！',7,9,8,'※在需求人數公告額滿後如不排候補者，還請幫忙在原留言串下取消。\n※1930前禁止進入校園\n※如出席有異動請幫忙提早告知\n※請跟警衛打招呼，表明來意，本場負責人:張大哥\n※如有生病發燒請勿入校，進校門須量額溫。\n※校區全面禁止吸菸，垃圾帶走\n※場地提供汽機車停車場、飲水機\n=為配合校園安全管制措施以下幾點務必留意並遵守=\n※活動開始後30分鐘，校門隨即關閉，校園即不得再任意進出\n※結束前10分鐘方可開放離校\n※活動結束後請於10分鐘之內離開校園\n~感謝各位的配合~如果有興趣的朋友，請於底下留言~',0),(95,12,'🏐誠徵臨打🏐','2022-12-14 15:00:00',180,'1','新北市汐止區','球魔方排球館','0',1,230,'1','會基本接發',7,2,1,'⚠️多團徵人確定補上會留言通知臨打',1),(96,13,'連假早起頭前團（他團同步徵人）','2022-12-15 16:00:00',240,'1','新北市新莊區','頭前國中','0',1,250,'0','社團強度：不跑戰術居多，系隊以上',7,4,4,'可以早點到暖身唷！',1),(97,13,'徵球友!!!','2022-12-16 17:30:00',180,'1','新北市土城區','612排球星球+','0',1,260,'2','需一定基礎，非新手場',7,10,10,'點擊這個連結前往社團報名\nhttps:&amp;#x2F;&amp;#x2F;www.facebook.com&amp;#x2F;groups&amp;#x2F;241020673769507&amp;#x2F;permalink&amp;#x2F;834748537730048&amp;#x2F;',1),(98,12,'[徵女性臨打]','2022-12-17 17:00:00',150,'0','台北市萬華區','華江國小4F活動中心','0',1,100,'2','※ 程度中上者佳，須有穩定接發接扣防守站位觀念及攻擊能力。來回多，球友友善包容，非歡樂場！',4,2,8,'(如果臨打程度及球風可適應，歡迎加入固定臨打人員或之後季打甚至是主揪其他場地。)\n※ 同步徵人中。',0),(99,13,'揪臨打12人 內建12人','2022-12-09 19:00:00',180,'1','台北市松山區','敦化國中室外排球場','1',0,0,'4','會基本接發',7,9,4,'場地特色：全日自然空調、水泥地板、附飲水機、廁所，視野好場地佳。\n機車可免費停校門口人行道。\n\n男網混排，24-30人制，連2勝下play1，有基礎攻防概念佳，氣氛歡樂。\n下雨流團，會在此文同步。\n\n有興趣的球友可以私訊或底下留言報名喔~他團同步徵人中，先搶先贏，額滿為止。',0),(100,15,'～徵臨打 5人 男女不拘～','2022-12-10 15:00:00',90,'0','新北市板橋區','板橋國中室內體育館','0',1,75,'0','會基本接發',7,9,9,'※在需求人數公告額滿後如不排候補者，還請幫忙在原留言串下取消。\n※1930前禁止進入校園\n※如出席有異動請幫忙提早告知\n※請跟警衛打招呼，表明來意，本場負責人:張大哥\n※如有生病發燒請勿入校，進校門須量額溫。\n※校區全面禁止吸菸，垃圾帶走\n※場地提供汽機車停車場、飲水機\n=為配合校園安全管制措施以下幾點務必留意並遵守=\n※活動開始後30分鐘，校門隨即關閉，校園即不得再任意進出\n※結束前10分鐘方可開放離校\n※活動結束後請於10分鐘之內離開校園\n~感謝各位的配合~如果有興趣的朋友，請於底下留言~',1),(101,12,'🏐誠徵臨打🏐','2022-12-09 14:00:00',180,'1','新北市汐止區','球魔方排球館','0',1,230,'1','會基本接發',7,2,2,'⚠️多團徵人確定補上會留言通知臨打',0),(102,13,'[徵女性臨打]','2022-12-11 13:00:00',150,'0','台北市萬華區','華江國小4F活動中心','0',1,100,'0','※ 程度中上者佳，須有穩定接發接扣防守站位觀念及攻擊能力。來回多，球友友善包容，非歡樂場！',4,2,9,'(如果臨打程度及球風可適應，歡迎加入固定臨打人員或之後季打甚至是主揪其他場地。)\n※ 同步徵人中。',1),(103,15,'揪臨打12人 內建12人','2022-12-09 12:00:00',180,'1','台北市松山區','敦化國中室外排球場','1',0,0,'3','會基本接發',7,9,8,'場地特色：全日自然空調、水泥地板、附飲水機、廁所，視野好場地佳。\n機車可免費停校門口人行道。\n\n男網混排，24-30人制，連2勝下play1，有基礎攻防概念佳，氣氛歡樂。\n下雨流團，會在此文同步。\n\n有興趣的球友可以私訊或底下留言報名喔~他團同步徵人中，先搶先贏，額滿為止。',0),(104,12,'～徵臨打 5人 男女不拘～','2022-12-09 11:00:00',90,'0','新北市板橋區','板橋國中室內體育館','0',1,75,'4','※ 程度中上者佳，須有穩定接發接扣防守站位觀念及攻擊能力。來回多，球友友善包容，非歡樂場！',7,9,7,'※在需求人數公告額滿後如不排候補者，還請幫忙在原留言串下取消。\n※1930前禁止進入校園\n※如出席有異動請幫忙提早告知\n※請跟警衛打招呼，表明來意，本場負責人:張大哥\n※如有生病發燒請勿入校，進校門須量額溫。\n※校區全面禁止吸菸，垃圾帶走\n※場地提供汽機車停車場、飲水機\n\n=為配合校園安全管制措施以下幾點務必留意並遵守=\n※活動開始後30分鐘，校門隨即關閉，校園即不得再任意進出\n※結束前10分鐘方可開放離校\n※活動結束後請於10分鐘之內離開校園\n~感謝各位的配合~如果有興趣的朋友，請於底下留言~',1),(105,13,'🏐誠徵臨打🏐','2022-12-09 10:00:00',180,'1','新北市汐止區','球魔方排球館','0',1,230,'2','會基本接發',1,2,2,'⚠️多團徵人確定補上會留言通知臨打',0),(106,15,'[🏐徵女網混排臨打🏐]','2022-11-27 23:00:00',180,'1','台北市萬華區','華江高中體育館2樓','0',1,200,'1','社團強度：不跑戰術居多，系隊以上',2,10,2,'賽制：女網混排打二休一、上限18人\n器材：MVA200或MVA300、記分板、飲水機\n註：此為混排，男性名額優先給同時報名女性者補滿女性，且由於在多版徵人，請以原po回覆為準，經回覆者亦請勿任意退出，還請協助配合，感恩感恩！🙏',1),(107,13,'[徵女性臨打]','2022-12-09 09:00:00',150,'0','台北市萬華區','華江國小4F活動中心','0',1,100,'2','※ 程度中上者佳，須有穩定接發接扣防守站位觀念及攻擊能力。來回多，球友友善包容，非歡樂場！',3,2,2,'(如果臨打程度及球風可適應，歡迎加入固定臨打人員或之後季打甚至是主揪其他場地。)\n※ 同步徵人中。',1),(108,15,'連假早起頭前團（他團同步徵人）','2022-12-09 21:00:00',240,'1','新北市新莊區','頭前國中','0',1,250,'0','社團強度：不跑戰術居多，系隊以上',7,16,8,'可以早點到暖身唷！',1),(109,15,'[🏐徵女網混排臨打🏐]','2022-11-27 22:00:00',180,'1','台北市萬華區','華江高中體育館2樓','0',1,200,'1','社團強度：不跑戰術居多，系隊以上',6,10,2,'賽制：女網混排打二休一、上限18人\n器材：MVA200或MVA300、記分板、飲水機\n註：此為混排，男性名額優先給同時報名女性者補滿女性，且由於在多版徵人，請以原po回覆為準，經回覆者亦請勿任意退出，還請協助配合，感恩感恩！🙏',1),(110,12,'連假早起頭前團（他團同步徵人）','2022-12-09 23:00:00',240,'1','新北市新莊區','頭前國中','0',1,250,'2','社團強度：不跑戰術居多，系隊以上',3,16,6,'可以早點到暖身唷！',1),(111,13,'[徵女性臨打]','2022-12-09 09:00:00',150,'0','台北市萬華區','華江國小4F活動中心','0',1,100,'2','※ 程度中上者佳，須有穩定接發接扣防守站位觀念及攻擊能力。來回多，球友友善包容，非歡樂場！',4,2,2,'(如果臨打程度及球風可適應，歡迎加入固定臨打人員或之後季打甚至是主揪其他場地。)\n※ 同步徵人中。',0),(112,13,'🏐誠徵臨打🏐','2022-12-09 10:00:00',180,'1','新北市汐止區','球魔方排球館','0',1,230,'2','會基本接發',1,2,2,'⚠️多團徵人確定補上會留言通知臨打',0),(113,12,'連假早起頭前團（他團同步徵人）','2022-12-09 20:00:00',240,'1','新北市新莊區','頭前國中','0',1,250,'2','社團強度：不跑戰術居多，系隊以上',7,16,6,'可以早點到暖身唷！',1),(114,13,'[徵女性臨打]','2022-11-26 20:00:00',150,'0','台北市萬華區','華江國小4F活動中心','0',1,100,'0','※ 程度中上者佳，須有穩定接發接扣防守站位觀念及攻擊能力。來回多，球友友善包容，非歡樂場！',4,2,7,'(如果臨打程度及球風可適應，歡迎加入固定臨打人員或之後季打甚至是主揪其他場地。)\n※ 同步徵人中。',1),(115,15,'揪臨打12人 內建12人','2022-12-10 09:00:00',180,'1','台北市松山區','敦化國中室外排球場','1',0,0,'1','社團強度：不跑戰術居多，系隊以上',7,9,9,'場地特色：全日自然空調、水泥地板、附飲水機、廁所，視野好場地佳。\n機車可免費停校門口人行道。\n\n男網混排，24-30人制，連2勝下play1，有基礎攻防概念佳，氣氛歡樂。\n下雨流團，會在此文同步。\n\n有興趣的球友可以私訊或底下留言報名喔~他團同步徵人中，先搶先贏，額滿為止。',1),(116,12,'～徵臨打 5人 男女不拘～','2022-11-27 22:00:00',90,'0','新北市板橋區','板橋國中室內體育館','0',1,75,'3','※ 程度中上者佳，須有穩定接發接扣防守站位觀念及攻擊能力。來回多，球友友善包容，非歡樂場！',7,9,4,'※在需求人數公告額滿後如不排候補者，還請幫忙在原留言串下取消。\n※1930前禁止進入校園\n※如出席有異動請幫忙提早告知\n※請跟警衛打招呼，表明來意，本場負責人:張大哥\n※如有生病發燒請勿入校，進校門須量額溫。\n※校區全面禁止吸菸，垃圾帶走\n※場地提供汽機車停車場、飲水機\n=為配合校園安全管制措施以下幾點務必留意並遵守=\n※活動開始後30分鐘，校門隨即關閉，校園即不得再任意進出\n※結束前10分鐘方可開放離校\n※活動結束後請於10分鐘之內離開校園\n~感謝各位的配合~如果有興趣的朋友，請於底下留言~',1),(117,13,'🏐誠徵臨打🏐','2022-12-11 10:00:00',180,'1','新北市汐止區','球魔方排球館','0',1,230,'4','會基本接發',7,2,2,'⚠️多團徵人確定補上會留言通知臨打',0),(118,15,'連假早起頭前團（他團同步徵人）','2022-12-12 11:00:00',240,'1','新北市新莊區','頭前國中','0',1,250,'0','社團強度：不跑戰術居多，系隊以上',7,16,8,'可以早點到暖身唷！',1),(119,12,'[徵女性臨打]','2022-11-29 22:00:00',150,'0','台北市萬華區','華江國小4F活動中心','0',1,100,'1','※ 程度中上者佳，須有穩定接發接扣防守站位觀念及攻擊能力。來回多，球友友善包容，非歡樂場！',4,2,9,'(如果臨打程度及球風可適應，歡迎加入固定臨打人員或之後季打甚至是主揪其他場地。)\n※ 同步徵人中。',0),(120,13,'揪臨打12人 內建12人','2022-12-12 13:00:00',180,'1','台北市松山區','敦化國中室外排球場','1',0,0,'3','社團強度：不跑戰術居多，系隊以上',7,9,3,'場地特色：全日自然空調、水泥地板、附飲水機、廁所，視野好場地佳。\n機車可免費停校門口人行道。\n\n男網混排，24-30人制，連2勝下play1，有基礎攻防概念佳，氣氛歡樂。\n下雨流團，會在此文同步。\n\n有興趣的球友可以私訊或底下留言報名喔~他團同步徵人中，先搶先贏，額滿為止。',1),(121,15,'～徵臨打 5人 男女不拘～','2022-12-13 14:00:00',90,'0','新北市板橋區','板橋國中室內體育館','0',1,75,'2','※ 程度中上者佳，須有穩定接發接扣防守站位觀念及攻擊能力。來回多，球友友善包容，非歡樂場！',7,9,8,'※在需求人數公告額滿後如不排候補者，還請幫忙在原留言串下取消。\n※1930前禁止進入校園\n※如出席有異動請幫忙提早告知\n※請跟警衛打招呼，表明來意，本場負責人:張大哥\n※如有生病發燒請勿入校，進校門須量額溫。\n※校區全面禁止吸菸，垃圾帶走\n※場地提供汽機車停車場、飲水機\n=為配合校園安全管制措施以下幾點務必留意並遵守=\n※活動開始後30分鐘，校門隨即關閉，校園即不得再任意進出\n※結束前10分鐘方可開放離校\n※活動結束後請於10分鐘之內離開校園\n~感謝各位的配合~如果有興趣的朋友，請於底下留言~',0),(122,12,'🏐誠徵臨打🏐','2022-12-14 15:00:00',180,'1','新北市汐止區','球魔方排球館','0',1,230,'1','會基本接發',7,2,1,'⚠️多團徵人確定補上會留言通知臨打',1),(123,13,'連假早起頭前團（他團同步徵人）','2022-12-15 16:00:00',240,'1','新北市新莊區','頭前國中','0',1,250,'0','社團強度：不跑戰術居多，系隊以上',7,4,4,'可以早點到暖身唷！',1),(124,13,'徵球友!!!','2022-12-16 17:30:00',180,'1','新北市土城區','612排球星球+','0',1,260,'2','需一定基礎，非新手場',7,10,10,'點擊這個連結前往社團報名\nhttps:&amp;#x2F;&amp;#x2F;www.facebook.com&amp;#x2F;groups&amp;#x2F;241020673769507&amp;#x2F;permalink&amp;#x2F;834748537730048&amp;#x2F;',1),(125,12,'[徵女性臨打]','2022-12-17 17:00:00',150,'0','台北市萬華區','華江國小4F活動中心','0',1,100,'2','※ 程度中上者佳，須有穩定接發接扣防守站位觀念及攻擊能力。來回多，球友友善包容，非歡樂場！',4,2,8,'(如果臨打程度及球風可適應，歡迎加入固定臨打人員或之後季打甚至是主揪其他場地。)\n※ 同步徵人中。',0),(126,13,'揪臨打12人 內建12人','2022-12-09 19:00:00',180,'1','台北市松山區','敦化國中室外排球場','1',0,0,'4','會基本接發',7,9,4,'場地特色：全日自然空調、水泥地板、附飲水機、廁所，視野好場地佳。\n機車可免費停校門口人行道。\n\n男網混排，24-30人制，連2勝下play1，有基礎攻防概念佳，氣氛歡樂。\n下雨流團，會在此文同步。\n\n有興趣的球友可以私訊或底下留言報名喔~他團同步徵人中，先搶先贏，額滿為止。',0),(127,15,'～徵臨打 5人 男女不拘～','2022-12-10 15:00:00',90,'0','新北市板橋區','板橋國中室內體育館','0',1,75,'0','會基本接發',7,9,9,'※在需求人數公告額滿後如不排候補者，還請幫忙在原留言串下取消。\n※1930前禁止進入校園\n※如出席有異動請幫忙提早告知\n※請跟警衛打招呼，表明來意，本場負責人:張大哥\n※如有生病發燒請勿入校，進校門須量額溫。\n※校區全面禁止吸菸，垃圾帶走\n※場地提供汽機車停車場、飲水機\n=為配合校園安全管制措施以下幾點務必留意並遵守=\n※活動開始後30分鐘，校門隨即關閉，校園即不得再任意進出\n※結束前10分鐘方可開放離校\n※活動結束後請於10分鐘之內離開校園\n~感謝各位的配合~如果有興趣的朋友，請於底下留言~',1),(128,12,'🏐誠徵臨打🏐','2022-12-09 14:00:00',180,'1','新北市汐止區','球魔方排球館','0',1,230,'1','會基本接發',7,2,2,'⚠️多團徵人確定補上會留言通知臨打',0),(129,13,'[徵女性臨打]','2022-12-11 13:00:00',150,'0','台北市萬華區','華江國小4F活動中心','0',1,100,'0','※ 程度中上者佳，須有穩定接發接扣防守站位觀念及攻擊能力。來回多，球友友善包容，非歡樂場！',4,2,9,'(如果臨打程度及球風可適應，歡迎加入固定臨打人員或之後季打甚至是主揪其他場地。)\n※ 同步徵人中。',1),(130,15,'揪臨打12人 內建12人','2022-12-09 12:00:00',180,'1','台北市松山區','敦化國中室外排球場','1',0,0,'3','會基本接發',7,9,8,'場地特色：全日自然空調、水泥地板、附飲水機、廁所，視野好場地佳。\n機車可免費停校門口人行道。\n\n男網混排，24-30人制，連2勝下play1，有基礎攻防概念佳，氣氛歡樂。\n下雨流團，會在此文同步。\n\n有興趣的球友可以私訊或底下留言報名喔~他團同步徵人中，先搶先贏，額滿為止。',0),(131,12,'～徵臨打 5人 男女不拘～','2022-12-09 11:00:00',90,'0','新北市板橋區','板橋國中室內體育館','0',1,75,'4','※ 程度中上者佳，須有穩定接發接扣防守站位觀念及攻擊能力。來回多，球友友善包容，非歡樂場！',7,9,7,'※在需求人數公告額滿後如不排候補者，還請幫忙在原留言串下取消。\n※1930前禁止進入校園\n※如出席有異動請幫忙提早告知\n※請跟警衛打招呼，表明來意，本場負責人:張大哥\n※如有生病發燒請勿入校，進校門須量額溫。\n※校區全面禁止吸菸，垃圾帶走\n※場地提供汽機車停車場、飲水機\n\n=為配合校園安全管制措施以下幾點務必留意並遵守=\n※活動開始後30分鐘，校門隨即關閉，校園即不得再任意進出\n※結束前10分鐘方可開放離校\n※活動結束後請於10分鐘之內離開校園\n~感謝各位的配合~如果有興趣的朋友，請於底下留言~',1),(132,13,'🏐誠徵臨打🏐','2022-12-09 10:00:00',180,'1','新北市汐止區','球魔方排球館','0',1,230,'2','會基本接發',1,2,2,'⚠️多團徵人確定補上會留言通知臨打',0),(133,15,'[🏐徵女網混排臨打🏐]','2022-11-27 23:00:00',180,'1','台北市萬華區','華江高中體育館2樓','0',1,200,'1','社團強度：不跑戰術居多，系隊以上',2,10,2,'賽制：女網混排打二休一、上限18人\n器材：MVA200或MVA300、記分板、飲水機\n註：此為混排，男性名額優先給同時報名女性者補滿女性，且由於在多版徵人，請以原po回覆為準，經回覆者亦請勿任意退出，還請協助配合，感恩感恩！🙏',1),(134,13,'[徵女性臨打]','2022-12-09 09:00:00',150,'0','台北市萬華區','華江國小4F活動中心','0',1,100,'2','※ 程度中上者佳，須有穩定接發接扣防守站位觀念及攻擊能力。來回多，球友友善包容，非歡樂場！',3,2,2,'(如果臨打程度及球風可適應，歡迎加入固定臨打人員或之後季打甚至是主揪其他場地。)\n※ 同步徵人中。',1),(135,15,'連假早起頭前團（他團同步徵人）','2022-12-09 21:00:00',240,'1','新北市新莊區','頭前國中','0',1,250,'0','社團強度：不跑戰術居多，系隊以上',7,16,8,'可以早點到暖身唷！',1),(136,15,'[🏐徵女網混排臨打🏐]','2022-11-27 22:00:00',180,'1','台北市萬華區','華江高中體育館2樓','0',1,200,'1','社團強度：不跑戰術居多，系隊以上',6,10,2,'賽制：女網混排打二休一、上限18人\n器材：MVA200或MVA300、記分板、飲水機\n註：此為混排，男性名額優先給同時報名女性者補滿女性，且由於在多版徵人，請以原po回覆為準，經回覆者亦請勿任意退出，還請協助配合，感恩感恩！🙏',1),(137,12,'連假早起頭前團（他團同步徵人）','2022-12-09 23:00:00',240,'1','新北市新莊區','頭前國中','0',1,250,'2','社團強度：不跑戰術居多，系隊以上',3,16,6,'可以早點到暖身唷！',1),(138,13,'[徵女性臨打]','2022-12-09 09:00:00',150,'0','台北市萬華區','華江國小4F活動中心','0',1,100,'2','※ 程度中上者佳，須有穩定接發接扣防守站位觀念及攻擊能力。來回多，球友友善包容，非歡樂場！',4,2,2,'(如果臨打程度及球風可適應，歡迎加入固定臨打人員或之後季打甚至是主揪其他場地。)\n※ 同步徵人中。',0),(139,15,'～徵臨打 5人 男女不拘～','2022-12-09 20:00:00',90,'0','新北市板橋區','板橋國中室內體育館','0',1,75,'0','會基本接發',1,9,9,'※在需求人數公告額滿後如不排候補者，還請幫忙在原留言串下取消。\n※1930前禁止進入校園\n※如出席有異動請幫忙提早告知\n※請跟警衛打招呼，表明來意，本場負責人:張大哥\n※如有生病發燒請勿入校，進校門須量額溫。\n※校區全面禁止吸菸，垃圾帶走\n※場地提供汽機車停車場、飲水機\n=為配合校園安全管制措施以下幾點務必留意並遵守=\n※活動開始後30分鐘，校門隨即關閉，校園即不得再任意進出\n※結束前10分鐘方可開放離校\n※活動結束後請於10分鐘之內離開校園\n~感謝各位的配合~如果有興趣的朋友，請於底下留言~',1),(140,15,'～徵臨打 5人 男女不拘～','2022-12-09 20:00:00',90,'0','新北市板橋區','板橋國中室內體育館','0',1,75,'0','會基本接發',7,9,9,'※在需求人數公告額滿後如不排候補者，還請幫忙在原留言串下取消。\n※1930前禁止進入校園\n※如出席有異動請幫忙提早告知\n※請跟警衛打招呼，表明來意，本場負責人:張大哥\n※如有生病發燒請勿入校，進校門須量額溫。\n※校區全面禁止吸菸，垃圾帶走\n※場地提供汽機車停車場、飲水機\n=為配合校園安全管制措施以下幾點務必留意並遵守=\n※活動開始後30分鐘，校門隨即關閉，校園即不得再任意進出\n※結束前10分鐘方可開放離校\n※活動結束後請於10分鐘之內離開校園\n~感謝各位的配合~如果有興趣的朋友，請於底下留言~',0),(141,13,'[徵女性臨打]','2023-01-01 09:00:00',150,'0','台北市萬華區','華江國小4F活動中心','0',1,100,'2','※ 程度中上者佳，須有穩定接發接扣防守站位觀念及攻擊能力。來回多，球友友善包容，非歡樂場！',9,2,2,'(如果臨打程度及球風可適應，歡迎加入固定臨打人員或之後季打甚至是主揪其他場地。)\n※ 同步徵人中。',1),(142,13,'#純女網  #誠徵臨打 #美女們快來😍','2022-12-07 18:30:00',180,'0','桃園市龜山區','貓球俱樂部','0',1,220,'2','有基本攻擊、基本接球、態度友善者佳',7,4,4,'*學生 醫療體系 林口龜山居民200元\n*他團同步徵人\n*備有汽車停車位及機車停車棚\n(如果搭捷運公車來的館主可以去接唷 還有送搭車❤)\n(還有親人貓咪吸到飽❤️)\n(大家都有來有往很好玩🏐）',0),(143,15,'～徵臨打 5人 男女不拘～','2022-12-09 20:00:00',90,'0','新北市板橋區','板橋國中室內體育館','0',1,75,'0','會基本接發',8,9,9,'※在需求人數公告額滿後如不排候補者，還請幫忙在原留言串下取消。\n※1930前禁止進入校園\n※如出席有異動請幫忙提早告知\n※請跟警衛打招呼，表明來意，本場負責人:張大哥\n※如有生病發燒請勿入校，進校門須量額溫。\n※校區全面禁止吸菸，垃圾帶走\n※場地提供汽機車停車場、飲水機\n=為配合校園安全管制措施以下幾點務必留意並遵守=\n※活動開始後30分鐘，校門隨即關閉，校園即不得再任意進出\n※結束前10分鐘方可開放離校\n※活動結束後請於10分鐘之內離開校園\n~感謝各位的配合~如果有興趣的朋友，請於底下留言~',1),(144,15,'～徵臨打 5人 男女不拘～','2022-12-09 20:00:00',90,'0','新北市板橋區','板橋國中室內體育館','0',1,75,'0','會基本接發',7,9,9,'※在需求人數公告額滿後如不排候補者，還請幫忙在原留言串下取消。\n※1930前禁止進入校園\n※如出席有異動請幫忙提早告知\n※請跟警衛打招呼，表明來意，本場負責人:張大哥\n※如有生病發燒請勿入校，進校門須量額溫。\n※校區全面禁止吸菸，垃圾帶走\n※場地提供汽機車停車場、飲水機\n=為配合校園安全管制措施以下幾點務必留意並遵守=\n※活動開始後30分鐘，校門隨即關閉，校園即不得再任意進出\n※結束前10分鐘方可開放離校\n※活動結束後請於10分鐘之內離開校園\n~感謝各位的配合~如果有興趣的朋友，請於底下留言~',0),(145,13,'[徵人]','2023-01-01 09:00:00',180,'1','台北市南港區','南港中研院體育館三樓','0',1,200,'2','希望報名者有基本程度 懂攻防 會站位',3,9,9,'賽制：女網混排打二休一',1),(146,13,'《誠徵臨打》','2023-01-01 09:00:00',180,'0','新北市蘆洲區','輕鬆玩心流運動空間','0',1,210,'2','有基本接發、扣球，有來回',4,2,2,'隊伍：18人制，打二休一\n意者請留言或私訊我喔🥳\n請救救我🧎‍♀️',1),(147,13,'[徵人]','2022-12-07 18:30:00',180,'1','台北市南港區','南港中研院體育館三樓','0',1,200,'2','希望報名者有基本程度 懂攻防 會站位',6,9,9,'賽制：女網混排打二休一',1),(148,13,'#純女網  #誠徵臨打 #美女們快來😍','2022-12-09 20:00:00',180,'0','桃園市龜山區','貓球俱樂部','0',1,220,'2','有基本攻擊、基本接球、態度友善者佳',5,4,4,'*學生 醫療體系 林口龜山居民200元\n*他團同步徵人\n*備有汽車停車位及機車停車棚\n(如果搭捷運公車來的館主可以去接唷 還有送搭車❤)\n(還有親人貓咪吸到飽❤️)\n(大家都有來有往很好玩🏐）',1),(149,13,'徵球友!!!','2022-12-07 18:30:00',180,'1','新北市土城區','612排球星球+','0',1,260,'2','需一定基礎，非新手場',7,10,10,'點擊這個連結前往社團報名\nhttps:&amp;#x2F;&amp;#x2F;www.facebook.com&amp;#x2F;groups&amp;#x2F;241020673769507&amp;#x2F;permalink&amp;#x2F;834748537730048&amp;#x2F;',1),(150,13,'[徵人]','2022-12-09 20:00:00',180,'1','台北市南港區','南港中研院體育館三樓','0',1,200,'2','希望報名者有基本程度 懂攻防 會站位',7,9,9,'賽制：女網混排打二休一',1),(151,13,'預報 好天氣 打球唷 ','2022-12-07 18:30:00',180,'0','台北市中正區','中正國中 ','1',0,0,'1','休閒歡樂團',10,9,9,'揪滿三隊就好\n有要來碰碰球的 底下留言唷 感謝 ',1),(152,13,'我要揪團','2023-01-01 09:00:00',180,'1','台北市內湖區','大安運動中心','0',1,100,'2','會基本接發',7,9,9,'我要揪團',1),(153,13,'徵球友!!!','2022-12-07 18:30:00',180,'1','新北市土城區','612排球星球+','0',1,260,'2','需一定基礎，非新手場',8,10,10,'點擊這個連結前往社團報名\nhttps:&amp;#x2F;&amp;#x2F;www.facebook.com&amp;#x2F;groups&amp;#x2F;241020673769507&amp;#x2F;permalink&amp;#x2F;834748537730048&amp;#x2F;',1),(154,13,'#純女網  #誠徵臨打 #美女們快來😍','2022-12-09 20:00:00',180,'0','桃園市龜山區','貓球俱樂部','0',1,220,'2','有基本攻擊、基本接球、態度友善者佳',4,4,4,'*學生 醫療體系 林口龜山居民200元\n*他團同步徵人\n*備有汽車停車位及機車停車棚\n(如果搭捷運公車來的館主可以去接唷 還有送搭車❤)\n(還有親人貓咪吸到飽❤️)\n(大家都有來有往很好玩🏐）',1),(155,13,'我要揪團','2023-01-01 09:00:00',180,'1','台北市內湖區','大安運動中心','0',1,100,'2','會基本接發',2,9,9,'我要揪團',1),(156,13,'[徵人]','2022-12-07 18:30:00',180,'1','台北市南港區','南港中研院體育館三樓','0',1,200,'2','希望報名者有基本程度 懂攻防 會站位',7,9,9,'賽制：女網混排打二休一',1),(157,13,'[🏐徵女網混排臨打🏐]','2022-12-09 20:00:00',180,'0','台北市萬華區','華江高中體育館2樓室內排球場','0',1,200,'2','會基本接發',7,9,9,'註：此為混排，男性名額優先給同時報名女性者補滿女性，且由於在多版徵人，請以原po回覆為準，經回覆者亦請勿任意退出，還請協助配合，感恩感恩！🙏\n\n報名2位以上請標註「人數+性別+姓名或綽號」\n器材：MVA200或MVA300、記分板、飲水機\n',1),(158,13,'我要揪團','2022-12-07 18:30:00',180,'1','台北市內湖區','大安運動中心','0',1,100,'2','會基本接發',9,9,9,'我要揪團',1),(159,13,'#純女網  #誠徵臨打 #美女們快來😍','2023-01-01 09:00:00',180,'0','桃園市龜山區','貓球俱樂部','0',1,220,'2','有基本攻擊、基本接球、態度友善者佳',6,4,4,'*學生 醫療體系 林口龜山居民200元\n*他團同步徵人\n*備有汽車停車位及機車停車棚\n(如果搭捷運公車來的館主可以去接唷 還有送搭車❤)\n(還有親人貓咪吸到飽❤️)\n(大家都有來有往很好玩🏐）',1),(160,13,'徵球友!!!','2022-12-07 18:30:00',180,'1','新北市土城區','612排球星球+','0',1,260,'2','需一定基礎，非新手場',7,10,10,'點擊這個連結前往社團報名\nhttps:&amp;#x2F;&amp;#x2F;www.facebook.com&amp;#x2F;groups&amp;#x2F;241020673769507&amp;#x2F;permalink&amp;#x2F;834748537730048&amp;#x2F;',1),(161,13,'[徵人]','2022-12-09 15:00:00',180,'1','台北市南港區','南港中研院體育館三樓','0',1,200,'2','希望報名者有基本程度 懂攻防 會站位',7,9,9,'賽制：女網混排打二休一',1),(162,13,'《誠徵臨打》','2023-01-11 06:00:00',180,'0','新北市蘆洲區','輕鬆玩心流運動空間','0',1,210,'2','有基本接發、扣球，有來回',7,2,2,'隊伍：18人制，打二休一\n意者請留言或私訊我喔🥳\n請救救我🧎‍♀️',1),(163,13,'我要揪團','2022-12-07 12:30:00',180,'1','台北市內湖區','大安運動中心','0',1,100,'2','會基本接發',7,9,9,'我要揪團',1),(164,13,'徵球友!!!','2023-01-01 14:00:00',180,'1','新北市土城區','612排球星球+','0',1,260,'2','需一定基礎，非新手場',3,10,10,'點擊這個連結前往社團報名\nhttps:&amp;#x2F;&amp;#x2F;www.facebook.com&amp;#x2F;groups&amp;#x2F;241020673769507&amp;#x2F;permalink&amp;#x2F;834748537730048&amp;#x2F;',1),(165,13,'《誠徵臨打》','2022-12-07 11:30:00',180,'0','新北市蘆洲區','輕鬆玩心流運動空間','0',1,210,'2','有基本接發、扣球，有來回',7,2,2,'隊伍：18人制，打二休一\n意者請留言或私訊我喔🥳\n請救救我🧎‍♀️',1),(166,13,'徵 臨打6名，男女不拘','2022-12-07 09:30:00',240,'1','台北市內湖區','南湖運動中心','0',1,380,'2','需有穩定的基本動作與處理球的能力，友善但非歡樂場',5,6,6,'本場為男網混排，需有穩定的基本動作與處理球的能力，友善但非歡樂場。\n若默契配合得宜，歡迎加入季打。\n他團同步徵人，意者請留言，歡迎來打球～',1),(167,13,'《女網混排徵臨打》','2023-01-01 09:00:00',180,'0','台北市萬華區','華江高中運動中心2樓','0',1,260,'2','中等。 穩定來回，具備基本攻擊、舉球及防守能力',7,4,4,'報名請標註性別，超過2人麻煩幫我附上大名或小名嘿！感恩❤️\n群組同步徵人，有回覆補上才成功補上喔\n👉如果球品、人品、程度互相match的話，打完後歡迎私訊長期加入，季打需要新血😊',1),(168,13,'一起打球囉!!!','2023-01-03 19:00:00',180,'1','台北市大同區','蓬萊國小','0',1,310,'2','基本接發，穩接就好',2,5,5,'隊伍：先到先打，打二休一，打完三場分組開打(第四場開始，不再對練三顆，上場就發球，換隊伍時盡快上場，就可以多打幾局)\n遵守：室內場請攜帶室內鞋，請提早5-10分鐘來幫忙架網，打完也請幫忙收拾場地，謝謝\n備註：補上會回覆(補上)或是私訊，請注意訊息 謝謝，另外如候補順序太後面，覺得補不上，請提早來文上留言-1-2\n繳費規則：補上者，請勿臨時退出(有問題請提前私訊版主，感謝)\n另外徵季打成員，詳細資訊再找團主\n有任何問題都可跟場主溝通\n有新資訊會立刻更新 謝謝\n多團徵人',1),(169,13,'[🏐徵女網混排臨打🏐]','2022-12-07 08:30:00',180,'0','台北市萬華區','華江高中體育館2樓室內排球場','0',1,200,'2','會基本接發',1,9,9,'註：此為混排，男性名額優先給同時報名女性者補滿女性，且由於在多版徵人，請以原po回覆為準，經回覆者亦請勿任意退出，還請協助配合，感恩感恩！🙏\n\n報名2位以上請標註「人數+性別+姓名或綽號」\n器材：MVA200或MVA300、記分板、飲水機\n',1),(170,13,'徵求臨打','2023-01-01 09:00:00',180,'0','新北市板橋區','65volley','0',1,300,'3','有基礎攻擊及防守觀念，非新手場',7,6,6,'報名麻煩標註性別&#x2F;人數，感謝',1),(171,13,'#純女網  #誠徵臨打 #美女們快來😍','2022-12-07 09:30:00',180,'0','桃園市龜山區','貓球俱樂部','0',1,220,'2','有基本攻擊、基本接球、態度友善者佳',8,4,4,'*學生 醫療體系 林口龜山居民200元\n*他團同步徵人\n*備有汽車停車位及機車停車棚\n(如果搭捷運公車來的館主可以去接唷 還有送搭車❤)\n(還有親人貓咪吸到飽❤️)\n(大家都有來有往很好玩🏐）',1),(172,13,'[徵人]','2022-12-09 14:00:00',180,'1','台北市南港區','南港中研院體育館三樓','0',1,200,'2','希望報名者有基本程度 懂攻防 會站位',7,9,9,'賽制：女網混排打二休一',1),(173,13,'徵臨打','2022-12-09 12:00:00',180,'1','台北市內湖區','南湖高中運動中心(東湖)','0',1,200,'2','會基本接發',10,5,5,'賽制：打兩局，休一局\n環境：木質地板、飲水機、廁所、空調\n全木質地板，場地寬敞舒適\n發球區超過6米+\n可以充分發揮你的發球技巧\n天花板高度也非常高👍\n球場旁邊也還有熱身的空間喔\n重點是…\n門口直接是捷運站🚈\n開車的朋友也很方便！\n交流道一下來就到啦\n運動中心也備有地下停車場\n交通、停車都非常方便喔\n強力推薦👍👍👍👍👍👍\n可以舒舒服服打球的好場地',1),(174,13,'預報 好天氣 打球唷 ','2023-01-01 09:00:00',180,'0','台北市中正區','中正國中 ','1',0,0,'1','休閒歡樂團',10,9,9,'揪滿三隊就好\n有要來碰碰球的 底下留言唷 感謝 ',1),(175,13,'徵 臨打6名，男女不拘','2022-12-09 21:00:00',240,'1','台北市內湖區','南湖運動中心','0',1,380,'2','需有穩定的基本動作與處理球的能力，友善但非歡樂場',7,6,6,'本場為男網混排，需有穩定的基本動作與處理球的能力，友善但非歡樂場。\n若默契配合得宜，歡迎加入季打。\n他團同步徵人，意者請留言，歡迎來打球～',1),(176,13,'我要揪團','2022-12-10 19:00:00',180,'1','台北市內湖區','大安運動中心','0',1,100,'2','會基本接發',4,9,9,'我要揪團',1),(177,13,'[徵人]','2022-12-09 20:00:00',180,'1','台北市南港區','南港中研院體育館三樓','0',1,200,'2','希望報名者有基本程度 懂攻防 會站位',2,9,9,'賽制：女網混排打二休一',1),(178,13,'《誠徵臨打》','2022-12-13 07:00:00',180,'0','新北市蘆洲區','輕鬆玩心流運動空間','0',1,210,'2','有基本接發、扣球，有來回',7,2,2,'隊伍：18人制，打二休一\n意者請留言或私訊我喔🥳\n請救救我🧎‍♀️',1),(179,13,'徵球友!!!','2022-12-09 20:00:00',180,'1','新北市土城區','612排球星球+','0',1,260,'2','需一定基礎，非新手場',9,10,10,'點擊這個連結前往社團報名\nhttps:&amp;#x2F;&amp;#x2F;www.facebook.com&amp;#x2F;groups&amp;#x2F;241020673769507&amp;#x2F;permalink&amp;#x2F;834748537730048&amp;#x2F;',1),(180,13,'預報 好天氣 打球唷 ','2022-12-12 09:00:00',180,'0','台北市中正區','中正國中 ','1',0,0,'1','休閒歡樂團',10,9,9,'揪滿三隊就好\n有要來碰碰球的 底下留言唷 感謝 ',1),(181,13,'徵 臨打6名，男女不拘','2022-12-10 08:00:00',240,'1','台北市內湖區','南湖運動中心','0',1,380,'2','需有穩定的基本動作與處理球的能力，友善但非歡樂場',2,6,6,'本場為男網混排，需有穩定的基本動作與處理球的能力，友善但非歡樂場。\n若默契配合得宜，歡迎加入季打。\n他團同步徵人，意者請留言，歡迎來打球～',1),(182,13,'徵球友!!!','2022-12-09 21:00:00',180,'1','新北市土城區','612排球星球+','0',1,260,'2','需一定基礎，非新手場',7,10,10,'點擊這個連結前往社團報名\nhttps:&amp;#x2F;&amp;#x2F;www.facebook.com&amp;#x2F;groups&amp;#x2F;241020673769507&amp;#x2F;permalink&amp;#x2F;834748537730048&amp;#x2F;',1),(183,13,'徵臨打','2022-12-09 12:00:00',180,'1','台北市內湖區','南湖高中運動中心(東湖)','0',1,200,'2','會基本接發',10,5,5,'賽制：打兩局，休一局\n環境：木質地板、飲水機、廁所、空調\n全木質地板，場地寬敞舒適\n發球區超過6米+\n可以充分發揮你的發球技巧\n天花板高度也非常高👍\n球場旁邊也還有熱身的空間喔\n重點是…\n門口直接是捷運站🚈\n開車的朋友也很方便！\n交流道一下來就到啦\n運動中心也備有地下停車場\n交通、停車都非常方便喔\n強力推薦👍👍👍👍👍👍\n可以舒舒服服打球的好場地',1),(184,13,'預報 好天氣 打球唷 ','2023-01-01 09:00:00',180,'0','台北市中正區','中正國中 ','1',0,0,'1','休閒歡樂團',10,9,9,'揪滿三隊就好\n有要來碰碰球的 底下留言唷 感謝 ',1),(185,13,'徵 臨打6名，男女不拘','2022-12-09 21:00:00',240,'1','台北市內湖區','南湖運動中心','0',1,380,'2','需有穩定的基本動作與處理球的能力，友善但非歡樂場',7,6,6,'本場為男網混排，需有穩定的基本動作與處理球的能力，友善但非歡樂場。\n若默契配合得宜，歡迎加入季打。\n他團同步徵人，意者請留言，歡迎來打球～',1),(186,13,'我要揪團','2022-12-10 19:00:00',180,'1','台北市內湖區','大安運動中心','0',1,100,'2','會基本接發',4,9,9,'我要揪團',1),(187,13,'[徵人]','2022-12-09 20:00:00',180,'1','台北市南港區','南港中研院體育館三樓','0',1,200,'2','希望報名者有基本程度 懂攻防 會站位',2,9,9,'賽制：女網混排打二休一',1),(188,13,'《誠徵臨打》','2022-12-13 07:00:00',180,'0','新北市蘆洲區','輕鬆玩心流運動空間','0',1,210,'2','有基本接發、扣球，有來回',7,2,2,'隊伍：18人制，打二休一\n意者請留言或私訊我喔🥳\n請救救我🧎‍♀️',1),(189,13,'徵球友!!!','2022-12-09 20:00:00',180,'1','新北市土城區','612排球星球+','0',1,260,'2','需一定基礎，非新手場',9,10,10,'點擊這個連結前往社團報名\nhttps:&amp;#x2F;&amp;#x2F;www.facebook.com&amp;#x2F;groups&amp;#x2F;241020673769507&amp;#x2F;permalink&amp;#x2F;834748537730048&amp;#x2F;',1),(190,13,'預報 好天氣 打球唷 ','2022-12-12 09:00:00',180,'0','台北市中正區','中正國中 ','1',0,0,'1','休閒歡樂團',10,9,9,'揪滿三隊就好\n有要來碰碰球的 底下留言唷 感謝 ',1),(191,13,'徵 臨打6名，男女不拘','2022-12-10 08:00:00',240,'1','台北市內湖區','南湖運動中心','0',1,380,'2','需有穩定的基本動作與處理球的能力，友善但非歡樂場',2,6,6,'本場為男網混排，需有穩定的基本動作與處理球的能力，友善但非歡樂場。\n若默契配合得宜，歡迎加入季打。\n他團同步徵人，意者請留言，歡迎來打球～',1),(192,13,'徵球友!!!','2022-12-09 21:00:00',180,'1','新北市土城區','612排球星球+','0',1,260,'2','需一定基礎，非新手場',7,10,10,'點擊這個連結前往社團報名\nhttps:&amp;#x2F;&amp;#x2F;www.facebook.com&amp;#x2F;groups&amp;#x2F;241020673769507&amp;#x2F;permalink&amp;#x2F;834748537730048&amp;#x2F;',1),(193,15,'[🏐徵女網混排臨打🏐]','2022-11-27 23:00:00',180,'1','台北市萬華區','華江高中體育館2樓','0',1,200,'1','社團強度：不跑戰術居多，系隊以上',2,10,2,'賽制：女網混排打二休一、上限18人\n器材：MVA200或MVA300、記分板、飲水機\n註：此為混排，男性名額優先給同時報名女性者補滿女性，且由於在多版徵人，請以原po回覆為準，經回覆者亦請勿任意退出，還請協助配合，感恩感恩！🙏',1),(194,13,'[徵女性臨打]','2022-12-09 09:00:00',150,'0','台北市萬華區','華江國小4F活動中心','0',1,100,'2','※ 程度中上者佳，須有穩定接發接扣防守站位觀念及攻擊能力。來回多，球友友善包容，非歡樂場！',3,2,2,'(如果臨打程度及球風可適應，歡迎加入固定臨打人員或之後季打甚至是主揪其他場地。)\n※ 同步徵人中。',1),(195,15,'連假早起頭前團（他團同步徵人）','2022-12-09 21:00:00',240,'1','新北市新莊區','頭前國中','0',1,250,'0','社團強度：不跑戰術居多，系隊以上',7,16,8,'可以早點到暖身唷！',1),(196,15,'[🏐徵女網混排臨打🏐]','2022-11-27 22:00:00',180,'1','台北市萬華區','華江高中體育館2樓','0',1,200,'1','社團強度：不跑戰術居多，系隊以上',6,10,2,'賽制：女網混排打二休一、上限18人\n器材：MVA200或MVA300、記分板、飲水機\n註：此為混排，男性名額優先給同時報名女性者補滿女性，且由於在多版徵人，請以原po回覆為準，經回覆者亦請勿任意退出，還請協助配合，感恩感恩！🙏',1),(197,12,'連假早起頭前團（他團同步徵人）','2022-12-09 23:00:00',240,'1','新北市新莊區','頭前國中','0',1,250,'2','社團強度：不跑戰術居多，系隊以上',3,16,6,'可以早點到暖身唷！',1),(198,13,'[徵女性臨打]','2022-12-09 09:00:00',150,'0','台北市萬華區','華江國小4F活動中心','0',1,100,'2','※ 程度中上者佳，須有穩定接發接扣防守站位觀念及攻擊能力。來回多，球友友善包容，非歡樂場！',4,2,2,'(如果臨打程度及球風可適應，歡迎加入固定臨打人員或之後季打甚至是主揪其他場地。)\n※ 同步徵人中。',0),(199,15,'～徵臨打 5人 男女不拘～','2022-12-09 20:00:00',90,'0','新北市板橋區','板橋國中室內體育館','0',1,75,'0','會基本接發',1,9,9,'※在需求人數公告額滿後如不排候補者，還請幫忙在原留言串下取消。\n※1930前禁止進入校園\n※如出席有異動請幫忙提早告知\n※請跟警衛打招呼，表明來意，本場負責人:張大哥\n※如有生病發燒請勿入校，進校門須量額溫。\n※校區全面禁止吸菸，垃圾帶走\n※場地提供汽機車停車場、飲水機\n=為配合校園安全管制措施以下幾點務必留意並遵守=\n※活動開始後30分鐘，校門隨即關閉，校園即不得再任意進出\n※結束前10分鐘方可開放離校\n※活動結束後請於10分鐘之內離開校園\n~感謝各位的配合~如果有興趣的朋友，請於底下留言~',1),(200,15,'～徵臨打 5人 男女不拘～','2022-12-09 20:00:00',90,'0','新北市板橋區','板橋國中室內體育館','0',1,75,'0','會基本接發',7,9,9,'※在需求人數公告額滿後如不排候補者，還請幫忙在原留言串下取消。\n※1930前禁止進入校園\n※如出席有異動請幫忙提早告知\n※請跟警衛打招呼，表明來意，本場負責人:張大哥\n※如有生病發燒請勿入校，進校門須量額溫。\n※校區全面禁止吸菸，垃圾帶走\n※場地提供汽機車停車場、飲水機\n=為配合校園安全管制措施以下幾點務必留意並遵守=\n※活動開始後30分鐘，校門隨即關閉，校園即不得再任意進出\n※結束前10分鐘方可開放離校\n※活動結束後請於10分鐘之內離開校園\n~感謝各位的配合~如果有興趣的朋友，請於底下留言~',0),(201,13,'[徵女性臨打]','2023-01-01 09:00:00',150,'0','台北市萬華區','華江國小4F活動中心','0',1,100,'2','※ 程度中上者佳，須有穩定接發接扣防守站位觀念及攻擊能力。來回多，球友友善包容，非歡樂場！',9,2,2,'(如果臨打程度及球風可適應，歡迎加入固定臨打人員或之後季打甚至是主揪其他場地。)\n※ 同步徵人中。',1),(202,13,'#純女網  #誠徵臨打 #美女們快來😍','2022-12-07 18:30:00',180,'0','桃園市龜山區','貓球俱樂部','0',1,220,'2','有基本攻擊、基本接球、態度友善者佳',7,4,4,'*學生 醫療體系 林口龜山居民200元\n*他團同步徵人\n*備有汽車停車位及機車停車棚\n(如果搭捷運公車來的館主可以去接唷 還有送搭車❤)\n(還有親人貓咪吸到飽❤️)\n(大家都有來有往很好玩🏐）',0),(203,15,'連假早起頭前團（他團同步徵人）','2022-12-12 11:00:00',240,'1','新北市新莊區','頭前國中','0',1,250,'0','社團強度：不跑戰術居多，系隊以上',7,16,8,'可以早點到暖身唷！',1),(204,12,'[徵女性臨打]','2022-11-29 22:00:00',150,'0','台北市萬華區','華江國小4F活動中心','0',1,100,'1','※ 程度中上者佳，須有穩定接發接扣防守站位觀念及攻擊能力。來回多，球友友善包容，非歡樂場！',4,2,9,'(如果臨打程度及球風可適應，歡迎加入固定臨打人員或之後季打甚至是主揪其他場地。)\n※ 同步徵人中。',0),(205,13,'揪臨打12人 內建12人','2022-12-12 13:00:00',180,'1','台北市松山區','敦化國中室外排球場','1',0,0,'3','社團強度：不跑戰術居多，系隊以上',7,9,3,'場地特色：全日自然空調、水泥地板、附飲水機、廁所，視野好場地佳。\n機車可免費停校門口人行道。\n\n男網混排，24-30人制，連2勝下play1，有基礎攻防概念佳，氣氛歡樂。\n下雨流團，會在此文同步。\n\n有興趣的球友可以私訊或底下留言報名喔~他團同步徵人中，先搶先贏，額滿為止。',1),(206,15,'～徵臨打 5人 男女不拘～','2022-12-13 14:00:00',90,'0','新北市板橋區','板橋國中室內體育館','0',1,75,'2','※ 程度中上者佳，須有穩定接發接扣防守站位觀念及攻擊能力。來回多，球友友善包容，非歡樂場！',7,9,8,'※在需求人數公告額滿後如不排候補者，還請幫忙在原留言串下取消。\n※1930前禁止進入校園\n※如出席有異動請幫忙提早告知\n※請跟警衛打招呼，表明來意，本場負責人:張大哥\n※如有生病發燒請勿入校，進校門須量額溫。\n※校區全面禁止吸菸，垃圾帶走\n※場地提供汽機車停車場、飲水機\n=為配合校園安全管制措施以下幾點務必留意並遵守=\n※活動開始後30分鐘，校門隨即關閉，校園即不得再任意進出\n※結束前10分鐘方可開放離校\n※活動結束後請於10分鐘之內離開校園\n~感謝各位的配合~如果有興趣的朋友，請於底下留言~',0),(207,12,'🏐誠徵臨打🏐','2022-12-14 15:00:00',180,'1','新北市汐止區','球魔方排球館','0',1,230,'1','會基本接發',7,2,1,'⚠️多團徵人確定補上會留言通知臨打',1),(208,13,'連假早起頭前團（他團同步徵人）','2022-12-15 16:00:00',240,'1','新北市新莊區','頭前國中','0',1,250,'0','社團強度：不跑戰術居多，系隊以上',7,4,4,'可以早點到暖身唷！',1),(209,13,'徵球友!!!','2022-12-16 17:30:00',180,'1','新北市土城區','612排球星球+','0',1,260,'2','需一定基礎，非新手場',7,10,10,'點擊這個連結前往社團報名\nhttps:&amp;#x2F;&amp;#x2F;www.facebook.com&amp;#x2F;groups&amp;#x2F;241020673769507&amp;#x2F;permalink&amp;#x2F;834748537730048&amp;#x2F;',1),(210,12,'[徵女性臨打]','2022-12-17 17:00:00',150,'0','台北市萬華區','華江國小4F活動中心','0',1,100,'2','※ 程度中上者佳，須有穩定接發接扣防守站位觀念及攻擊能力。來回多，球友友善包容，非歡樂場！',4,2,8,'(如果臨打程度及球風可適應，歡迎加入固定臨打人員或之後季打甚至是主揪其他場地。)\n※ 同步徵人中。',0),(211,13,'揪臨打12人 內建12人','2022-12-09 19:00:00',180,'1','台北市松山區','敦化國中室外排球場','1',0,0,'4','會基本接發',7,9,4,'場地特色：全日自然空調、水泥地板、附飲水機、廁所，視野好場地佳。\n機車可免費停校門口人行道。\n\n男網混排，24-30人制，連2勝下play1，有基礎攻防概念佳，氣氛歡樂。\n下雨流團，會在此文同步。\n\n有興趣的球友可以私訊或底下留言報名喔~他團同步徵人中，先搶先贏，額滿為止。',0),(212,15,'～徵臨打 5人 男女不拘～','2022-12-10 15:00:00',90,'0','新北市板橋區','板橋國中室內體育館','0',1,75,'0','會基本接發',7,9,9,'※在需求人數公告額滿後如不排候補者，還請幫忙在原留言串下取消。\n※1930前禁止進入校園\n※如出席有異動請幫忙提早告知\n※請跟警衛打招呼，表明來意，本場負責人:張大哥\n※如有生病發燒請勿入校，進校門須量額溫。\n※校區全面禁止吸菸，垃圾帶走\n※場地提供汽機車停車場、飲水機\n=為配合校園安全管制措施以下幾點務必留意並遵守=\n※活動開始後30分鐘，校門隨即關閉，校園即不得再任意進出\n※結束前10分鐘方可開放離校\n※活動結束後請於10分鐘之內離開校園\n~感謝各位的配合~如果有興趣的朋友，請於底下留言~',1),(213,12,'🏐誠徵臨打🏐','2022-12-09 14:00:00',180,'1','新北市汐止區','球魔方排球館','0',1,230,'1','會基本接發',7,2,2,'⚠️多團徵人確定補上會留言通知臨打',0),(214,13,'[徵女性臨打]','2022-12-11 13:00:00',150,'0','台北市萬華區','華江國小4F活動中心','0',1,100,'0','※ 程度中上者佳，須有穩定接發接扣防守站位觀念及攻擊能力。來回多，球友友善包容，非歡樂場！',4,2,9,'(如果臨打程度及球風可適應，歡迎加入固定臨打人員或之後季打甚至是主揪其他場地。)\n※ 同步徵人中。',1),(215,15,'揪臨打12人 內建12人','2022-12-09 12:00:00',180,'1','台北市松山區','敦化國中室外排球場','1',0,0,'3','會基本接發',7,9,8,'場地特色：全日自然空調、水泥地板、附飲水機、廁所，視野好場地佳。\n機車可免費停校門口人行道。\n\n男網混排，24-30人制，連2勝下play1，有基礎攻防概念佳，氣氛歡樂。\n下雨流團，會在此文同步。\n\n有興趣的球友可以私訊或底下留言報名喔~他團同步徵人中，先搶先贏，額滿為止。',0),(216,12,'～徵臨打 5人 男女不拘～','2022-12-09 11:00:00',90,'0','新北市板橋區','板橋國中室內體育館','0',1,75,'4','※ 程度中上者佳，須有穩定接發接扣防守站位觀念及攻擊能力。來回多，球友友善包容，非歡樂場！',7,9,7,'※在需求人數公告額滿後如不排候補者，還請幫忙在原留言串下取消。\n※1930前禁止進入校園\n※如出席有異動請幫忙提早告知\n※請跟警衛打招呼，表明來意，本場負責人:張大哥\n※如有生病發燒請勿入校，進校門須量額溫。\n※校區全面禁止吸菸，垃圾帶走\n※場地提供汽機車停車場、飲水機\n\n=為配合校園安全管制措施以下幾點務必留意並遵守=\n※活動開始後30分鐘，校門隨即關閉，校園即不得再任意進出\n※結束前10分鐘方可開放離校\n※活動結束後請於10分鐘之內離開校園\n~感謝各位的配合~如果有興趣的朋友，請於底下留言~',1),(217,13,'🏐誠徵臨打🏐','2022-12-09 10:00:00',180,'1','新北市汐止區','球魔方排球館','0',1,230,'2','會基本接發',1,2,2,'⚠️多團徵人確定補上會留言通知臨打',0),(218,15,'[🏐徵女網混排臨打🏐]','2022-11-27 23:00:00',180,'1','台北市萬華區','華江高中體育館2樓','0',1,200,'1','社團強度：不跑戰術居多，系隊以上',2,10,2,'賽制：女網混排打二休一、上限18人\n器材：MVA200或MVA300、記分板、飲水機\n註：此為混排，男性名額優先給同時報名女性者補滿女性，且由於在多版徵人，請以原po回覆為準，經回覆者亦請勿任意退出，還請協助配合，感恩感恩！🙏',1),(219,13,'[徵女性臨打]','2022-12-09 09:00:00',150,'0','台北市萬華區','華江國小4F活動中心','0',1,100,'2','※ 程度中上者佳，須有穩定接發接扣防守站位觀念及攻擊能力。來回多，球友友善包容，非歡樂場！',3,2,2,'(如果臨打程度及球風可適應，歡迎加入固定臨打人員或之後季打甚至是主揪其他場地。)\n※ 同步徵人中。',1),(220,15,'連假早起頭前團（他團同步徵人）','2022-12-09 21:00:00',240,'1','新北市新莊區','頭前國中','0',1,250,'0','社團強度：不跑戰術居多，系隊以上',7,16,8,'可以早點到暖身唷！',1),(221,15,'[🏐徵女網混排臨打🏐]','2022-11-27 22:00:00',180,'1','台北市萬華區','華江高中體育館2樓','0',1,200,'1','社團強度：不跑戰術居多，系隊以上',6,10,2,'賽制：女網混排打二休一、上限18人\n器材：MVA200或MVA300、記分板、飲水機\n註：此為混排，男性名額優先給同時報名女性者補滿女性，且由於在多版徵人，請以原po回覆為準，經回覆者亦請勿任意退出，還請協助配合，感恩感恩！🙏',1),(222,12,'連假早起頭前團（他團同步徵人）','2022-12-09 23:00:00',240,'1','新北市新莊區','頭前國中','0',1,250,'2','社團強度：不跑戰術居多，系隊以上',3,16,6,'可以早點到暖身唷！',1),(223,13,'[徵女性臨打]','2022-12-09 09:00:00',150,'0','台北市萬華區','華江國小4F活動中心','0',1,100,'2','※ 程度中上者佳，須有穩定接發接扣防守站位觀念及攻擊能力。來回多，球友友善包容，非歡樂場！',4,2,2,'(如果臨打程度及球風可適應，歡迎加入固定臨打人員或之後季打甚至是主揪其他場地。)\n※ 同步徵人中。',0),(224,13,'🏐誠徵臨打🏐','2022-12-09 10:00:00',180,'1','新北市汐止區','球魔方排球館','0',1,230,'2','會基本接發',1,2,2,'⚠️多團徵人確定補上會留言通知臨打',0),(225,12,'連假早起頭前團（他團同步徵人）','2022-12-09 23:00:00',240,'1','新北市新莊區','頭前國中','0',1,250,'2','社團強度：不跑戰術居多，系隊以上',3,16,6,'可以早點到暖身唷！',1);
/*!40000 ALTER TABLE `group` ENABLE KEYS */;
UNLOCK TABLES;

--
-- Table structure for table `member`
--

DROP TABLE IF EXISTS `member`;
/*!40101 SET @saved_cs_client     = @@character_set_client */;
/*!50503 SET character_set_client = utf8mb4 */;
CREATE TABLE `member` (
  `user_id` int unsigned NOT NULL,
  `group_id` int unsigned NOT NULL,
  `signup_status` char(1) DEFAULT NULL,
  PRIMARY KEY (`user_id`,`group_id`),
  KEY `group_id` (`group_id`),
  CONSTRAINT `member_ibfk_1` FOREIGN KEY (`user_id`) REFERENCES `user` (`id`) ON DELETE CASCADE,
  CONSTRAINT `member_ibfk_2` FOREIGN KEY (`group_id`) REFERENCES `group` (`id`) ON DELETE CASCADE
) ENGINE=InnoDB DEFAULT CHARSET=utf8mb4 COLLATE=utf8mb4_0900_ai_ci;
/*!40101 SET character_set_client = @saved_cs_client */;

--
-- Dumping data for table `member`
--

LOCK TABLES `member` WRITE;
/*!40000 ALTER TABLE `member` DISABLE KEYS */;
INSERT INTO `member` VALUES (12,2,'0'),(12,5,'2'),(12,8,'0'),(12,9,'1'),(12,14,'1'),(12,17,'0'),(12,20,'1'),(12,21,'1'),(12,22,'0'),(13,1,'0'),(13,4,'1'),(13,7,'1'),(13,9,'1'),(13,13,'2'),(13,18,'1'),(13,19,'0'),(13,21,'1'),(15,1,'0'),(15,5,'1'),(15,7,'1'),(15,8,'0'),(15,10,'0'),(15,11,'1'),(15,13,'1'),(15,14,'1'),(15,19,'0'),(15,20,'1'),(15,22,'0');
/*!40000 ALTER TABLE `member` ENABLE KEYS */;
UNLOCK TABLES;

--
-- Table structure for table `msg_board`
--

DROP TABLE IF EXISTS `msg_board`;
/*!40101 SET @saved_cs_client     = @@character_set_client */;
/*!50503 SET character_set_client = utf8mb4 */;
CREATE TABLE `msg_board` (
  `id` int unsigned NOT NULL AUTO_INCREMENT,
  `user_id` int unsigned DEFAULT NULL,
  `group_id` int unsigned DEFAULT NULL,
  `content` varchar(255) DEFAULT NULL,
  `time` datetime DEFAULT NULL,
  PRIMARY KEY (`id`),
  KEY `user_id` (`user_id`),
  KEY `group_id` (`group_id`),
  CONSTRAINT `msg_board_ibfk_1` FOREIGN KEY (`user_id`) REFERENCES `user` (`id`) ON DELETE CASCADE,
  CONSTRAINT `msg_board_ibfk_2` FOREIGN KEY (`group_id`) REFERENCES `group` (`id`) ON DELETE CASCADE
) ENGINE=InnoDB AUTO_INCREMENT=20 DEFAULT CHARSET=utf8mb4 COLLATE=utf8mb4_0900_ai_ci;
/*!40101 SET character_set_client = @saved_cs_client */;

--
-- Dumping data for table `msg_board`
--

LOCK TABLES `msg_board` WRITE;
/*!40000 ALTER TABLE `msg_board` DISABLE KEYS */;
INSERT INTO `msg_board` VALUES (1,13,19,'請問還有位置嗎?','2022-11-28 21:06:32'),(4,13,15,'試試看','2022-11-29 23:41:18'),(18,13,19,'試試看','2022-11-30 14:50:20'),(19,13,19,'ssssssssssssssssssssssssssssssssssssssssssssssssssssssssssssssssssssssssssssssssssssssssssssssssssssssssssssssssssssssssssssssssssssssssssssssss','2022-11-30 18:02:54');
/*!40000 ALTER TABLE `msg_board` ENABLE KEYS */;
UNLOCK TABLES;

--
-- Table structure for table `user`
--

DROP TABLE IF EXISTS `user`;
/*!40101 SET @saved_cs_client     = @@character_set_client */;
/*!50503 SET character_set_client = utf8mb4 */;
CREATE TABLE `user` (
  `id` int unsigned NOT NULL AUTO_INCREMENT,
  `provider` varchar(10) DEFAULT NULL,
  `username` varchar(20) DEFAULT NULL,
  `email` varchar(45) DEFAULT NULL,
  `password` char(60) DEFAULT NULL,
  `gender` char(1) DEFAULT NULL,
  `intro` varchar(500) DEFAULT NULL,
  `county` char(3) DEFAULT NULL,
  `my_level` char(1) DEFAULT NULL,
  `my_level_description` varchar(500) DEFAULT NULL,
  `fans` int unsigned DEFAULT '0',
  `follow` int unsigned DEFAULT '0',
  `position_1` char(1) DEFAULT NULL,
  `position_2` char(1) DEFAULT NULL,
  `confirm_status` char(1) DEFAULT NULL,
  `confirm_code` char(60) DEFAULT NULL,
  PRIMARY KEY (`id`)
) ENGINE=InnoDB AUTO_INCREMENT=18 DEFAULT CHARSET=utf8mb4 COLLATE=utf8mb4_0900_ai_ci;
/*!40101 SET character_set_client = @saved_cs_client */;

--
-- Dumping data for table `user`
--

LOCK TABLES `user` WRITE;
/*!40000 ALTER TABLE `user` DISABLE KEYS */;
INSERT INTO `user` VALUES (12,'native','Lisa','nccusaact16th@gmail.com','$2b$10$g0LGBT8cymhidahO7IzgD.ovXZcWXGz3RaRhJdPYXMGiLf2QDTCpa','0','大家好，我是 Lisa，歡迎加入 PLAYONE 排球團，一起快樂打排球','台北市','0','- 練系隊2年\n- 接發程度普普，最近瘋狂接噴\n- 攻擊成功率 30% (好常掛網好煩)\n- 打大砲攻擊要加強',1,1,'1','3',NULL,NULL),(13,'native','阿逸','david31009@gmail.com','$2b$10$cpwcKU2YcHs0ooW9qlCE/e7hHP3cX9KS4Ox9zNZ26Emj/0lHaOOaW','1','Hi 大家好，我是 David','台北市','2','- 練系隊四年\n- 接發程度中上，偶爾接噴\n- 攻擊成功率 70%\n- 打攔中攻擊普普',2,1,'1','2',NULL,NULL),(15,'native','Mark','p66084104@gs.ncku.edu.tw','$2b$10$b.2F7jD2NRHljbOVC5RBnOK.8UyXEU/hn11BhwVzKlbIgzJY9uoea','1','大家好，我是 Mark，歡迎加入 PLAYONE 排球團，一起快樂打排球','新北市','3','- 練校隊 3 年\n- 接發程度中上，偶爾接噴\n- 從小打校隊出生\n- 攻擊成功率 80%\n- 積極練習舉球中',0,0,'0','3',NULL,NULL),(17,'native','test','test@gmail.com','$2b$10$z1l0dmRulAC2hAwYYDgXU.Tzn4mYjp3D.EGByB27BEOOb9RBXHJaS',NULL,NULL,NULL,NULL,NULL,0,0,NULL,NULL,NULL,NULL);
/*!40000 ALTER TABLE `user` ENABLE KEYS */;
UNLOCK TABLES;
/*!40103 SET TIME_ZONE=@OLD_TIME_ZONE */;

/*!40101 SET SQL_MODE=@OLD_SQL_MODE */;
/*!40014 SET FOREIGN_KEY_CHECKS=@OLD_FOREIGN_KEY_CHECKS */;
/*!40014 SET UNIQUE_CHECKS=@OLD_UNIQUE_CHECKS */;
/*!40101 SET CHARACTER_SET_CLIENT=@OLD_CHARACTER_SET_CLIENT */;
/*!40101 SET CHARACTER_SET_RESULTS=@OLD_CHARACTER_SET_RESULTS */;
/*!40101 SET COLLATION_CONNECTION=@OLD_COLLATION_CONNECTION */;
/*!40111 SET SQL_NOTES=@OLD_SQL_NOTES */;

-- Dump completed on 2022-12-04  1:29:13
